node,type
MolPort-000-000-372 [Cl.Cl.NC1CCCN(Cc2ccccc2)C1],Ligand
MolPort-044-539-075 [CCC(NC(=O)c1ccn(C)n1)(C1CC1)C1CC1],Ligand
MolPort-012-414-567 [CC(N(C)C(=O)N1CCN(CC(=O)O)CC1)C(C)(C)C],Ligand
MolPort-012-760-273 [NCc1cc2ccccc2c(OCC(F)(F)F)n1],Ligand
MolPort-031-300-409 [Cc1nn(C)cc1C(CN)N1CCN(C)C(C)C1],Ligand
MolPort-014-769-050 [CCc1nc(N(CC)C(C)C)sc1CO],Ligand
MolPort-031-539-410 [CCCn1ncnc1CC1(F)CC2CCC(C1)N2],Ligand
MolPort-011-773-824 [O=C(Cc1cccc(O)c1)N1CCCCC1CCCl],Ligand
MolPort-025-783-062 [CCN(CC1CCNCC1)C1CCC(C)CC1C],Ligand
MolPort-020-302-179 [CS(=O)(=O)c1cn[nH]c1C1CCN(Cc2cccc(Cl)c2)C1],Ligand
MolPort-029-210-696 [COc1ccc2c(c1)CC(C(C)C(=O)O)CC2],Ligand
MolPort-027-618-619 [Cc1ccc(O)c(CNC(C)Cc2ccsc2)n1],Ligand
MolPort-005-634-126 [Cc1cccc(NC(=O)CN2CCN(Cc3ccsc3)CC2)c1C],Ligand
MolPort-005-141-204 [CC(C)CC(=O)Nc1ccnn1C1CCN(C(=O)CC(F)(F)F)CC1],Ligand
MolPort-020-867-987 [Nc1ncccc1C(O)c1ccc(Cl)cc1],Ligand
MolPort-034-381-067 [CC1CCCC(n2cc(CC(N)C(=O)O)nn2)C1],Ligand
MolPort-041-101-100 [CCOc1ccc(CN(C)C(=O)CC2COCCN2)cc1.Cl],Ligand
MolPort-021-673-189 [Cc1ccc(C)c(CN2CC(=O)NC(C3CC3)C2=O)c1],Ligand
324641708 [Cc1ccnc(Cl)c1-n1nc(C2CCC2)c(Cl)c1N],Ligand
MolPort-043-461-975 [CC(C)CNc1nncc(N2CCN(C(=O)c3ccco3)CC2)n1],Ligand
MolPort-024-953-691 [CCOc1ncnc(OCC2(N)CCCCCC2)c1C],Ligand
Z3056513701 [CC(C)Oc1ccc2c(c1)CCCN2C(=O)C1CCCC(=O)N1],Ligand
MolPort-022-337-487 [Cc1cccc(CNC[C@H](C)c2ccccc2)c1F],Ligand
MolPort-031-823-330 [Nc1cccc(C(=O)Nc2ccc3c(c2)OCO3)c1Br],Ligand
MolPort-013-872-789 [O=S1(=O)N=C(N2CCCC2CNC2CC2)c2ccccc21],Ligand
MolPort-014-747-863 [Cn1cc(CNCC(c2ccccc2)N2CCCC2)nn1],Ligand
MolPort-020-603-156 [CNC(Cc1ccc(OC)cc1)CC(C)C(C)(C)C],Ligand
MolPort-000-308-827 [O=C1CS/C(=N/S(=O)(=O)c2ccccc2)N1Cc1ccccc1],Ligand
MolPort-034-457-364 [Cc1nc(Oc2cnn(C(C)C)c2)ncc1CN],Ligand
330853610 [COc1cc(-n2nc(C3CCOC3)c(C#N)c2Br)cc(C)n1],Ligand
MolPort-030-465-162 [CN(CC1CC2CCC1C2)c1ccc(N)c(C#N)c1],Ligand
MolPort-029-525-326 [CC(C)(C)OC(=O)N1CCC(N)(Cc2ccccc2)C1],Ligand
MolPort-012-321-903 [CCCNc1cc(C)nc2c(C)ccc(C)c12],Ligand
MolPort-003-308-324 [CN(C)Cc1ccccc1CNC(=O)c1ccc(N2CCCCC2=O)cc1],Ligand
MolPort-026-259-950 [CCC1(CC)CCN(C(=O)c2cnc(N)c(Cl)c2)C1],Ligand
MolPort-004-218-259 [Cc1ccc(C(=O)NNC(=O)Cn2ccccc2=O)c(C)c1],Ligand
MolPort-038-277-352 [COc1ccc2c(c1)CC(CC(C)(C)C(=O)O)S2(=O)=O],Ligand
MolPort-042-036-573 [CNCC1CCN(C(=O)c2cccc(OCC3CCCO3)c2)C1.Cl],Ligand
MolPort-040-858-959 [N#CC1(CS(=O)(=O)N2CC[C@@H](O)[C@H]2c2ccc(Cl)cc2)CC1],Ligand
MolPort-034-816-849 [Cc1cn(-c2ncccc2S(C)(=O)=O)nc1N],Ligand
MolPort-000-226-642 [Cc1sc(NC(=O)c2ccco2)c(CN2CCOCC2)c1C],Ligand
MolPort-014-555-851 [COc1ccc(C(N)Cn2cnc(C)cc2=O)c(OC)c1],Ligand
MolPort-042-878-622 [CC1(C)CC(NC(=O)N2CCN(C3CCC3)CC2)CCO1],Ligand
MolPort-030-029-730 [CC(CNC(=O)Nc1ccc(Br)cn1)c1nccs1],Ligand
MolPort-040-649-531 [O=C1CC2(CCCCC2)N(Cc2coc(-c3cccc(F)c3)n2)N1],Ligand
MolPort-013-260-328 [CN1CCC(N(C)c2ccc(C(F)(F)F)cc2C#N)CC1],Ligand
MolPort-045-164-241 [CCC(CC)C(=O)N1CCC(NC(=O)c2ccc(CN)cc2)CC1],Ligand
MolPort-007-327-482 [CC1CCCN(S(=O)(=O)NC(c2cccc(F)c2)c2nccn2C)C1],Ligand
MolPort-042-852-647 [O=C(c1ocnc1C1CC1)N1CCC2(CCCCC2)C1],Ligand
MolPort-037-834-449 [CCc1c(CCCC(=O)O)c(Cl)cc(OC)c1OC],Ligand
MolPort-009-267-080 [CC(C)C(C)(C#N)NC(=O)CN(Cc1ccccc1)C1CC1],Ligand
MolPort-008-364-181 [O=C(Nc1ccccc1Cl)N1CCC(n2cc(CCO)nn2)CC1],Ligand
MolPort-039-278-559 [O=C(NC1(C(=O)O)CC1)c1ccc(N2CCCCC2=O)cc1],Ligand
MolPort-042-051-279 [Cl.O=C(Cc1ccc2c(c1)OCO2)N1CCC(NCC2CC2)CC1],Ligand
MolPort-030-285-699 [Cc1cn2c(CC(=O)NCC3(CO)CCCC3)csc2n1],Ligand
MolPort-012-480-371 [CC(C)C(C#N)C(=O)Nc1ccc(S(N)(=O)=O)cc1],Ligand
MolPort-029-829-993 [COc1ccc(C(CN)C2CCC(C(C)(C)C)CC2)c(C)c1],Ligand
MolPort-025-911-806 [Cc1nc(CC2(N)CCCCC2(C)C)cs1],Ligand
MolPort-032-372-565 [CCC1CN(c2cncc(NC)c2)CCN1C],Ligand
MolPort-008-804-665 [COc1ccc(C(O)CNc2c(C)cc(C)cc2C)cc1C],Ligand
MolPort-006-344-848 [NC(=O)c1ccccc1NC(=O)C1CCCN(Cc2ccc(F)cc2)C1],Ligand
MolPort-037-701-877 [Cn1ccn(-c2ccc(C(C)(C)O)cc2)c1=O],Ligand
MolPort-023-636-211 [CCCNc1nc(C)nc2c1cnn2C(C)C1CC1],Ligand
MolPort-025-529-461 [CCC(C)C(CNCC(C)C)c1ccc2c(c1)OCCO2],Ligand
MolPort-012-128-211 [CCOc1ccc(S(=O)(=O)NC2CC(N)C2)cc1C],Ligand
MolPort-020-682-878 [CNC(C#N)(COc1ccc2c(c1)CCC2)C1CC1],Ligand
MolPort-038-577-406 [COc1cccc(F)c1C(=O)NCC(O)CC(C)(C)C],Ligand
MolPort-046-326-341 [Fc1ccc(C2COCCN2)cc1Br],Ligand
MolPort-042-662-004 [COc1cc(=O)n2c(c1C(=O)NCC1CCCO1)CCCCC2],Ligand
MolPort-039-231-483 [CNc1nc(C)cc(C(=O)N2CC(c3ccccc3C)OCC2C)n1],Ligand
MolPort-008-682-498 [Cc1ccc(-c2nc(C)c(CC(=O)O)s2)c(C)c1],Ligand
MolPort-031-354-879 [CC(C)(C)C(Cc1ccc(Cl)nc1)C(=O)O],Ligand
MolPort-037-173-658 [COc1cc2c(cc1OC)CN(C(=O)Cc1cc(C)[nH]c1C)CC2],Ligand
MolPort-024-241-383 [CCN(CC1CCNCC1)C(=O)C1CCC(C)O1],Ligand
MolPort-020-939-619 [Cc1cc(OCCOc2ccccc2F)c(C(=O)O)s1],Ligand
MolPort-029-507-838 [COc1ccc2c(CN)c(C(C)C)[nH]c2c1],Ligand
MolPort-032-424-561 [Cc1csc(C(C)CNCc2cccs2)n1],Ligand
MolPort-039-952-928 [CN1CN(C(=O)NCC2(c3ccc(Br)s3)CCC2)CC1=O],Ligand
MolPort-042-758-309 [CC1CN(C(=O)NC2CCOc3ccccc32)CCCO1],Ligand
MolPort-023-063-133 [Cc1ccc(C(O)C(=O)Nc2cccc(C)c2C)cc1],Ligand
MolPort-034-458-338 [CCCn1cc(Oc2cnc(C(=O)O)cn2)cn1],Ligand
MolPort-040-252-235 [CC(C(=O)NCc1nc2cc(Br)ccc2o1)C1CCOCC1],Ligand
MolPort-028-650-851 [Cl.N[C@@H](CO)c1cc2c(cc1Br)OCO2],Ligand
MolPort-023-128-558 [O=C(O)c1cnc(-c2cccnc2)nc1NC1CC1],Ligand
MolPort-039-972-216 [Cc1nc(C2CCCN(C(=O)COc3ccc4c(c3)CCC(=O)N4)C2)n[nH]1],Ligand
MolPort-014-865-499 [Cc1ccc(N(C)S(=O)(=O)c2ccc(CN)s2)c(C)c1],Ligand
MolPort-035-344-221 [CCC1(NCc2ccc(OC)c(O)c2)CCC1],Ligand
MolPort-013-176-602 [CC(C)NCc1nnc(CCC2CCCC2)o1],Ligand
MolPort-026-681-407 [Cc1cc(C(N)CSC2CCCCC2)cs1],Ligand
MolPort-008-739-629 [Cc1csc(C(C)NC(=O)CCBr)n1],Ligand
MolPort-045-401-388 [CNC(C)Cc1noc(CCC2CCOCC2)n1],Ligand
MolPort-037-828-771 [COc1cc(C)c(C2(CN)CC2)c(C)c1Br],Ligand
MolPort-022-963-379 [CC(C)Oc1ccccc1Nc1ccc(F)cc1CCN],Ligand
MolPort-002-085-350 [COc1cc(OC)c(NC(=O)Cc2ccccc2)cc1Cl],Ligand
MolPort-030-830-181 [CC(CN)CCC(=O)N(C)C(C)c1ccc(Cl)cc1],Ligand
43281027 [CC(=O)N[C@]1(C)C[C@H](c2ccc(F)c(Cl)c2)O[C@@H]2C[C@H](C)CC[C@H]21],Ligand
330092091 [Cc1ccc(C(n2nc(C(F)F)c(CN)c2N)C2(C)CC2)c(C)c1],Ligand
MolPort-043-291-212 [COc1ccccc1N1CCN(C(=O)CN2CCCc3ccccc32)CC1],Ligand
MolPort-020-579-955 [Cc1nn(C)c(Sc2ccc(Br)cc2)c1CNC1CC1],Ligand
MolPort-026-196-340 [CNC(C)(C#N)CC(C)SCc1cc(C)cc(C)c1],Ligand
331148307 [CCc1c(C)n[nH]c1NC(=O)c1ccc(Cl)s1],Ligand
MolPort-039-504-238 [COCC1(O)CCN(C(=O)C2CCCN2C2CCCC2)CC1],Ligand
MolPort-014-864-932 [COc1cccc(N(C)C(=O)c2cccc(Br)c2)c1],Ligand
MolPort-023-284-899 [CCN(CC1CCCCN1Cc1ccccc1)C(=O)[C@H](C)N],Ligand
MolPort-013-901-686 [CCN(Cc1ccncc1)CC1CCCCC1N],Ligand
MolPort-040-146-961 [CC1CC(C(=O)Nc2cccc(C(=O)N3CCCCC3)c2)CCC1=O],Ligand
MolPort-045-700-876 [O=C(NC1CC(O)C1n1cccn1)c1cc2n(n1)CCCC2],Ligand
MolPort-023-518-452 [O=C(NCC1CCCCS1)c1cncc(C#CCO)c1],Ligand
MolPort-009-510-666 [CC(NC(=O)Cc1ccc(Cl)cc1)C1CC2CCC1C2],Ligand
MolPort-023-675-453 [CCc1c(NC)ncnc1Nc1cccc(Cl)c1C],Ligand
MolPort-023-619-220 [Cc1nc(CN(C)C(=O)CCc2cccc(N)c2)cs1],Ligand
MolPort-033-603-938 [COCC(C)(C)n1nnnc1-c1cc(Cl)ccc1N],Ligand
MolPort-014-321-573 [NCc1cccc(NC(=O)c2ccc(Cl)c(Cl)c2)c1],Ligand
MolPort-009-588-574 [COCCN1CCCC(CNS(=O)(=O)c2ccc(C)cc2)C1],Ligand
MolPort-026-119-866 [O=C(O)c1ccc(CN2C(=O)C(=O)c3cccc(F)c32)o1],Ligand
MolPort-016-667-881 [CS(=O)(=O)c1cccnc1C1CCN(C(=O)C2CCCC2)CC1],Ligand
MolPort-004-222-838 [O=C1CCc2cc(C(=O)Nc3cc4c(cc3Cl)OCCCO4)ccc2N1],Ligand
MolPort-013-306-585 [CSc1ccc(C)c(C(=O)N2CCCCC2C(=O)O)c1],Ligand
MolPort-030-089-512 [C[C@@H](CO)NCc1cnc(C(C)(C)C)s1],Ligand
MolPort-011-501-538 [Cc1ccsc1CNC(C)c1ccc(Cl)s1],Ligand
MolPort-033-432-218 [CN1CCOC(CNCC2CCC(C(C)(C)C)CC2)C1],Ligand
MolPort-034-196-411 [CC(C)(N)C(C)(C)C(=O)c1cccc2cccnc12],Ligand
MolPort-028-410-140 [CC(=O)N1CCc2cc(NC(=O)C3CCOCC3)ccc21],Ligand
313168310 [CCOc1cc(S(N)(=O)=O)cc(C(F)(F)F)c1Br],Ligand
MolPort-025-429-951 [CCn1c(CNCC2C(C)(C)C2(C)C)nc2ccccc21],Ligand
MolPort-039-696-314 [c1cc2c(cc1Cc1nc([C@H]3CN4CCCCC4CO3)no1)OCCO2],Ligand
MolPort-043-567-436 [Cc1cccc(CNc2ccc(NC(=O)C3CCC3)nn2)c1],Ligand
MolPort-026-760-003 [CCCC(CNC(=O)c1ccc2c(c1)CCO2)C(=O)O],Ligand
MolPort-042-828-501 [Cc1c(Cl)c(CN2CCC3(CCOCC3)CC2)nn1C],Ligand
MolPort-013-015-202 [COC(=O)CCC(N)c1ccc(Oc2ccccc2)cc1],Ligand
MolPort-028-999-305 [Cc1cc(Br)cc2c1nc(CC1CCCNC1)n2C],Ligand
MolPort-040-592-046 [CC(C)c1ncsc1NC(=O)N[C@@H]1CCCN(S(=O)(=O)C2CC2)C1],Ligand
MolPort-034-460-227 [CCn1cc(OC2CC(O)C23CCCCCC3)cn1],Ligand
MolPort-040-191-619 [CCC(NC(=O)c1cnn(C2CCOCC2)c1C)c1nccs1],Ligand
MolPort-033-536-909 [CC1CC(Nc2ncccc2OC(C)C)C1],Ligand
MolPort-021-537-056 [CC1CCC(Sc2nnnn2-c2ccc(O)cc2)CC1],Ligand
MolPort-002-789-800 [CC(=O)n1c(C)c(C)n(S(=O)(=O)c2ccc(C)cc2)c1=O],Ligand
MolPort-035-377-660 [CC(=O)c1cc(CN2CCCC(c3nc(C)n[nH]3)C2)n(C)c1],Ligand
MolPort-039-895-547 [O=C(CCN1CCOC2(CCOC2)C1)Nc1c(Cl)cccc1Cl],Ligand
MolPort-040-001-122 [COc1cccc(C2CCCN2Cc2nn(C)c(=O)[nH]2)c1],Ligand
MolPort-029-624-512 [CC(=O)C(C)n1cc(C#N)c2cc3c(cc21)OCO3],Ligand
MolPort-012-324-583 [CCNCC1(CN2c3ccccc3CCC2C)CCCC1],Ligand
MolPort-046-123-062 [C[C@@H]1OCCO[C@@H]1c1nc(COc2ccccc2F)no1],Ligand
MolPort-000-294-532 [Cc1ccc(N2C(=O)SC(Nc3ccc(C)c(C)c3)C2=O)cc1],Ligand
MolPort-035-185-655 [Cc1ccncc1-c1nc(C)c2c(n1)CCNC2],Ligand
MolPort-027-608-275 [O=C1CN(C(=O)Cc2ccc3ccccc3c2)CCCN1],Ligand
MolPort-031-654-584 [COC1CCN(Cc2cccs2)C(CN)C1],Ligand
MolPort-010-681-865 [CN(C)CCNS(=O)(=O)c1cc(C(=O)N2CCCC2)cs1],Ligand
MolPort-037-016-061 [O=C(NCCCC1CCOCC1)c1ccc(Br)cc1],Ligand
MolPort-035-039-367 [Nc1cccc(Cn2cccc(Br)c2=O)c1C(=O)O],Ligand
MolPort-043-527-575 [Cc1ccc(S(=O)(=O)NCC(=O)Nc2ccc(F)c(F)c2)c(C)c1],Ligand
MolPort-013-178-693 [CCCNC(C)c1nnc(COc2ccc(Cl)cc2)o1],Ligand
MolPort-040-757-461 [O=C(NCc1ccc2ccccc2n1)N1CCC2(CCNCC2)CC1],Ligand
MolPort-031-934-786 [CCNCc1cc(C)nc(Oc2ccc(C)cc2C)c1],Ligand
MolPort-008-803-778 [COc1ccc(Cl)cc1N1CCN(C(=O)C(=O)O)CC1],Ligand
MolPort-026-659-845 [CC1CCC(O)(CNC(=O)c2cnns2)CC1],Ligand
MolPort-040-479-170 [Cc1cc(C)cc(OCCC(=O)N2CCN3C(=O)NC(=O)C3C2)c1],Ligand
MolPort-040-477-259 [Cc1ccc(C(=O)N2CCOC(COCC3CC3)C2)c(C)n1],Ligand
MolPort-040-150-146 [Cc1ccc(S(=O)(=O)N[C@@H]2CC(=O)N(C3CC3)[C@H]2c2ccnn2C)cc1F],Ligand
MolPort-023-131-706 [CC1C(=O)Nc2ccc(C(O)c3ccccc3Cl)cc21],Ligand
MolPort-045-227-121 [O=C(Nc1cccc(CC(F)(F)F)c1)C1CCNC1],Ligand
MolPort-040-060-764 [O=C(NC[C@H]1CCCC[C@H]1C(F)(F)F)c1noc2c1CCCCC2],Ligand
324456884 [CCc1cc(Br)n(C(C)c2ccc(C)c(F)c2)n1],Ligand
MolPort-028-679-278 [Cl.N#Cc1c(F)ccc([C@H](N)C2CCCCC2)c1O],Ligand
MolPort-024-526-591 [COc1ccc(C)cc1C(N)C1C2CCCC21],Ligand
MolPort-041-479-448 [Cc1cn(-c2ccccc2Cl)nc1C(=O)NC1CCC(C(=O)O)CC1],Ligand
MolPort-046-637-582 [CC1(C(=O)O)CCN(C(=O)N[C@H]2C[C@H](c3cc(F)cc(F)c3)C2)C1],Ligand
MolPort-011-759-043 [C[C@@H](O)c1ccc(Oc2ccc(Br)cc2)c(F)c1],Ligand
MolPort-024-271-522 [Cc1cccc([C@H](C)NCc2ccc(C(=O)O)cc2)c1],Ligand
MolPort-022-256-181 [CC1COCC(c2ccc(SC(C)C)cc2)N1],Ligand
MolPort-015-026-492 [CSCCC(=O)N(C)Cc1cccc(Br)c1],Ligand
MolPort-020-347-610 [NC(=O)NC(C(=O)N1CCCCC1)c1ccccc1],Ligand
MolPort-011-442-061 [CC(C)CNC(C(=O)O)c1cccc(Cl)c1Cl],Ligand
MolPort-030-318-336 [CCNc1cc(COC)nc(C2SCCSC2CC)n1],Ligand
MolPort-022-776-787 [CCCc1oc2c(c1-c1n[nH]c(=S)n1CC)CC(C)CC2],Ligand
MolPort-023-661-769 [COc1ncc(Cl)c(N2C3CCC2CC(O)C3)n1],Ligand
MolPort-005-281-921 [COC(=O)c1sccc1S(=O)(=O)Nc1cc(C)ccc1C],Ligand
MolPort-022-129-371 [NCCCCc1c(Cl)ccc2cnccc12],Ligand
MolPort-012-964-172 [CCc1ccc(C(=O)NC2CCC(C(=O)O)CC2)o1],Ligand
MolPort-034-498-243 [CNCc1ncnn1Cc1ccc(F)cc1C],Ligand
MolPort-035-839-740 [COc1ccc(NC(=O)C2COCCN2C(=O)OC(C)(C)C)cc1F],Ligand
MolPort-027-678-095 [CC(CNC(=O)N1CCN(C(C)C(F)(F)F)CC1)Cn1cccn1],Ligand
MolPort-015-152-911 [COc1cc(-c2cc(O)cc(F)c2)ccc1C(=O)O],Ligand
MolPort-040-574-752 [CC(Cn1cncn1)NC(=O)N1C[C@H]2CCCC[C@H]2C1],Ligand
MolPort-007-698-698 [CC(=O)NC1=NN(C(C)=O)C(c2ccc(-c3cccc(C(=O)O)c3)o2)S1],Ligand
313811229 [CC1CC(C(=O)N2CCC3(CC(=O)N(c4ccc(C#N)cc4)C3)C2)C1],Ligand
MolPort-024-171-234 [O=C(Nc1cc(Cl)ccc1Cl)n1ccnc1],Ligand
MolPort-014-479-162 [CC(C)CC(C)Nc1cc(-n2cnnn2)ccc1F],Ligand
MolPort-037-720-545 [CC(C)(O)c1ccc(C2CCOC2)c(Cl)c1],Ligand
MolPort-012-295-246 [CCC1CCc2nc3cc(F)c(Br)cc3c(C(=O)O)c2C1],Ligand
MolPort-028-305-727 [COC(=O)NCC(=O)N(C)C1c2ccccc2-c2ccccc21],Ligand
MolPort-027-273-492 [Cc1n[nH]c(S(=O)(=O)N(C)C2CCSC2)c1CO],Ligand
MolPort-022-395-211 [Cc1cccc(-c2nc(CN)c(Cl)s2)c1],Ligand
MolPort-037-070-171 [CC(C)N(Cc1ccccc1)C(=O)C(=O)Nc1cccc(Br)c1],Ligand
MolPort-033-382-718 [Cc1ccc(C)c(C(C)NCc2cncc(Br)c2)c1],Ligand
MolPort-041-346-819 [COC1(C)CC(N(C)C(=O)CCC2CCNC2)C1(C)C.Cl],Ligand
MolPort-011-699-545 [Cc1cc(NS(=O)(=O)c2ccc(CCN)cc2)no1],Ligand
MolPort-031-765-211 [CSCCC1Nc2c(cnc3ccccc23)NC1=O],Ligand
MolPort-026-501-886 [Cc1ccc(N2CC(=O)NC(CC(C)C)C2=O)c(Cl)c1],Ligand
MolPort-026-801-915 [CC(C)(N)C(C)(C)c1nc(-c2ccc(F)cc2)no1],Ligand
313329722 [COC(=O)c1c(CO)ccc(Br)c1C],Ligand
340205714 [CC(C)(Oc1ccc(F)c(F)c1)C(=O)Nc1ccc(F)cc1],Ligand
MolPort-045-737-604 [CN(C)C(CNc1ccc(C#N)cc1CO)c1ccco1],Ligand
MolPort-008-283-559 [OC(CN1CCN(c2ccccc2F)CC1)c1ccc2c(c1)OCCCO2],Ligand
MolPort-007-029-571 [CC(OC(=O)c1c(F)cccc1Cl)C(=O)NC(=O)NC(C)(C)C],Ligand
MolPort-021-345-575 [O=C(O)C(CS(=O)C1CCCCC1)c1ccccc1],Ligand
MolPort-012-439-345 [Cc1ccc(C(C)C)c(OC(CN)c2ccccc2Cl)c1],Ligand
MolPort-021-220-256 [O=c1cc(CNC2CC2)nc(CC(F)(F)F)[nH]1],Ligand
MolPort-019-680-949 [Cc1ccc(NC(=O)CN(C)S(=O)(=O)N2CCCCC2C)nc1],Ligand
MolPort-025-770-560 [COc1cc(C(N)c2cc(C)cc(F)c2)cc(Cl)c1OC],Ligand
MolPort-020-713-276 [OC(c1ccc(SC(F)(F)F)cc1)C1CCOCC1],Ligand
MolPort-021-178-506 [O=C(Nc1cnccc1C(=O)O)c1cc(F)cc(F)c1],Ligand
MolPort-035-206-114 [CCC[C@@H](O)c1cc(Br)ccc1F],Ligand
MolPort-034-547-167 [CNCc1sc(C2CC2C)nc1COC],Ligand
MolPort-011-539-309 [COc1ccc(CN(C)CC2(C(=O)O)CCOCC2)cc1],Ligand
MolPort-038-391-417 [COC[C@@H]1[C@H](NC(=O)c2cccnc2)[C@@H]2CCO[C@H]12],Ligand
MolPort-031-151-961 [CNC1C(=O)Nc2cc(OCCC(F)(F)F)ccc21],Ligand
324311788 [CCCc1c(C(=O)NCC)cnn1-c1cccc(OC)c1O],Ligand
MolPort-038-605-819 [CCN(CC)c1ccc(CNCC2(C)CCOCC2)cc1],Ligand
MolPort-037-801-721 [COc1c(C2(N)CCC2)cc(F)c(SC)c1OC],Ligand
MolPort-026-204-201 [CCNc1ncc(C)c(-c2ccc(C(F)(F)F)cc2)n1],Ligand
MolPort-024-491-502 [CC1(Nc2cccnc2C#N)CCS(=O)(=O)C1],Ligand
Z2407897641 [N#CC1CCC(NC(=O)c2cc(Cl)nc(Cl)c2)C1],Ligand
MolPort-038-667-235 [Cc1nn(C)c(C)c1S(=O)(=O)N1CCC(C)C1C(=O)O],Ligand
MolPort-012-740-552 [CC(C)CCN(C)Cc1oc2ccccc2c1C(=O)O],Ligand
MolPort-007-774-005 [Cc1oc2ncnc(N3CCOCC3)c2c1C(=O)NC(C)C],Ligand
MolPort-040-952-059 [Cl.NCC1CCCN1Cc1cccc(C(N)=O)c1],Ligand
MolPort-027-387-696 [CCn1nc(CNC2CCC(C)C(C)C2)c2ccccc21],Ligand
MolPort-016-021-020 [Cc1cccc(NC(=O)N2CCN(C(=O)C(C)Oc3ccccc3)CC2)c1],Ligand
MolPort-009-559-386 [O=C(NC1CCCN(c2ncccn2)C1)c1ccncc1],Ligand
MolPort-041-000-556 [CC1CN(C(=O)Cc2c(F)cccc2Cl)CC1N],Ligand
MolPort-011-908-508 [O=C(O)c1ccc(Nc2ccc(Cl)cc2C(F)(F)F)nn1],Ligand
MolPort-035-229-073 [COC(=O)c1scc(C)c1NC(=O)c1cncc(F)c1],Ligand
MolPort-037-212-866 [COc1ccc(CC(=O)N2CCN(C(=O)NC(C)(C)C)CC2)cc1],Ligand
MolPort-023-774-481 [CC1CCCC(Oc2nc(N)nc(-n3cncn3)n2)C1],Ligand
MolPort-003-752-988 [CNCC1CCCN(CCCc2ccc(C)cc2)C1],Ligand
MolPort-042-084-647 [Cc1ccc(NC(=O)C2CCC(N)C2)cc1N1CCCS1(=O)=O.Cl],Ligand
MolPort-002-504-787 [Cc1cc(C)c(N2CCN(C(=O)CCOc3ccccc3O)CC2)cc1C],Ligand
MolPort-026-300-063 [CCCNC(Cc1nccs1)c1cscc1C],Ligand
MolPort-001-028-555 [COc1ccc(CNc2ccc(OC)cc2)cc1],Ligand
MolPort-032-239-567 [CC(C(=O)N1CCCCC1)n1cnc2c1CCNC2],Ligand
MolPort-014-848-055 [CCN(CC)CC(C)N1Cc2ccccc2C1=N],Ligand
MolPort-033-269-265 [CC(N)Cc1cccc(F)c1OCc1cc(F)cc(F)c1],Ligand
MolPort-027-207-919 [OC(CNc1c(F)cc(F)cc1F)c1ccccc1Cl],Ligand
MolPort-024-994-172 [CCC(CC)(CNC)CC1Cc2cc(F)ccc2O1],Ligand
MolPort-014-402-769 [Cc1ccc(OCc2ccccc2Cl)c(CO)c1],Ligand
MolPort-014-370-688 [NC(=S)c1cc(F)ccc1COc1c(Cl)cccc1Cl],Ligand
MolPort-012-783-239 [Cc1nn(CC(=O)OC2CCC(C)CC2)c(C)c1N],Ligand
MolPort-008-907-856 [Cc1cccc(-c2nc(CCC(=O)N3CCCCCC3)cs2)c1],Ligand
MolPort-016-569-893 [Cc1ncsc1CN(C)c1cc(CO)ccn1],Ligand
MolPort-035-151-135 [O=C(O)CN(Cc1ccc(Cl)cc1F)C1CC1],Ligand
MolPort-019-679-832 [COc1c(C)cc(CN(C)Cc2csc(NC(C)=O)n2)cc1C],Ligand
MolPort-036-873-335 [CC(C)(Cc1cc(Cl)cc(C(F)(F)F)c1)C(=O)O],Ligand
MolPort-029-918-525 [CC(C)OCc1cccc(NC(=O)N2CCCCC2c2cn[nH]c2)c1],Ligand
MolPort-035-150-696 [CCNCc1cc(Cl)ccc1N(C)c1ccccc1C],Ligand
MolPort-033-426-915 [COCc1ccccc1NC(=O)c1ccncc1F],Ligand
MolPort-030-638-692 [O=C(O)CC1CCCN(c2ccc(C(F)(F)F)nn2)C1],Ligand
MolPort-031-133-404 [CC(CN(C)C)Nc1cc(Cl)ccc1C#N],Ligand
MolPort-040-341-412 [CC(NC(=O)CCn1nc2ccccn2c1=O)C1CC2CCC1C2],Ligand
MolPort-031-210-506 [Cc1ncsc1C(C)NN1CCN(C)CC1],Ligand
MolPort-039-777-601 [COCCn1cc2c(n1)C(NC(=O)N1CCOC(c3cnn(C)c3)C1)CCC2],Ligand
MolPort-038-512-191 [COc1cccc(CNC2CCN(C(=O)OC(C)(C)C)C2)c1],Ligand
MolPort-031-305-766 [CCc1nnc(N2CCOCC2C(N)=O)c(C#N)c1CC],Ligand
MolPort-030-585-863 [Cc1ccc2c(c1)C(Nc1cc3c(cc1Cl)OCO3)CC2],Ligand
MolPort-021-664-862 [CCC1NC(=O)C(CC)N(Cc2ncccn2)C1=O],Ligand
MolPort-006-573-683 [CC1C(=O)N(c2ccc(F)cc2)CCN1Cc1ccc(F)cc1],Ligand
MolPort-003-995-728 [O=C(NC1=NN(c2ccccc2)C(=O)C1)c1ccc(Br)s1],Ligand
MolPort-027-332-002 [CNCc1ccc(S(=O)(=O)NC2(C)CCCCC2)nc1],Ligand
MolPort-042-780-299 [Cc1cc(S(=O)(=O)N2CCC[C@@H](N)C2)cc(C)c1F],Ligand
MolPort-026-260-790 [CCC1(CC)CCN(CC2CC(C)CCC2O)C1],Ligand
MolPort-024-064-932 [CC1CCCN(c2ccc(CNC(C)(C)C)cc2Cl)C1C],Ligand
324575626 [CCc1c(C=O)cnn1-c1c(Cl)ccnc1O],Ligand
MolPort-026-030-363 [CCOCC(C)NC(=O)c1cc(C)c(Br)s1],Ligand
MolPort-021-639-967 [CC(C)C1CNC2(CCCCC2)CN1CC1CCCCO1],Ligand
MolPort-046-178-550 [CCCN1CC(NCc2ccc(Cl)o2)CC1=O],Ligand
330826696 [CCc1ccnc(-n2cc(C#N)c(C3CCOC3)n2)c1],Ligand
MolPort-038-454-595 [CCCC(C)N(C)CC(O)c1ccccc1F],Ligand
MolPort-003-444-333 [O=C(Nc1nc(CC(=O)N2CCOCC2)cs1)NC1CCCC1],Ligand
MolPort-012-471-089 [CC(C)CCN(C)C(CN)c1ccc(Cl)c(F)c1],Ligand
MolPort-034-977-048 [CCNC(c1cc2cccc(Cl)c2o1)C(C)(CC)N(C)C],Ligand
MolPort-038-462-397 [Clc1ccc(CCNc2ncccn2)s1],Ligand
MolPort-029-718-844 [Cc1c(Cl)ccc2c1NC(CCC(=O)O)C2],Ligand
MolPort-041-550-281 [Cl.Cl.O=C(CC1COCCN1)Nc1ccc(Oc2ccccn2)cc1],Ligand
345265101 [O=C(O)c1ccc(Br)c2cncn12],Ligand
MolPort-011-617-391 [Clc1cc(Br)ccc1OCc1cc(CNC2CC2)no1],Ligand
MolPort-005-589-947 [CC(C)c1ccc(NC(=O)CN2C(=O)NC(C)(C)C2=O)cc1],Ligand
MolPort-005-378-004 [Cc1cccc(C(=O)O)c1NS(=O)(=O)c1cc(F)ccc1F],Ligand
MolPort-041-295-719 [CC(C)(N)CN1CCC(Oc2ccc(Cl)c(Cl)c2)C1.Cl],Ligand
Z3011781296 [Cc1cccc2nc(N3CCN(CCC(=O)O)CC3C)sc12],Ligand
MolPort-006-317-682 [NC(=O)C1CCN(C(=O)Cc2csc(-c3ccccc3F)n2)CC1],Ligand
MolPort-038-070-136 [Cc1nc(C2CCCN2)c2cc(Br)ccc2n1],Ligand
MolPort-033-216-553 [CCN(c1ccc(N)cc1)S(=O)(=O)C1CCCC1],Ligand
324655849 [COc1cc(-n2nc(C3CCCC3)cc2Cl)c(F)cn1],Ligand
MolPort-043-943-386 [CCN1CCN(c2ccc(C(=O)NCc3ccccc3OC)nc2)CC1],Ligand
MolPort-013-055-712 [Cc1cccc(C2CC(NCc3ccccc3C)C2)c1],Ligand
MolPort-012-019-640 [Cc1ccc(C(C)NC(C)c2ccc(C)o2)c(C)c1],Ligand
MolPort-020-341-598 [CCC(=O)Nc1ccc(C(=O)NC2CC2)cc1],Ligand
MolPort-044-378-607 [O=C(NC1CCc2[nH]cnc2C1)N1CCC(Cc2cc(F)cc(F)c2)CC1],Ligand
MolPort-037-932-231 [Cc1[nH]c(C2CNCCO2)nc1-c1ccccc1F],Ligand
MolPort-023-908-725 [CCCc1nc(NCC)c(C)c(Sc2nnc(C)n2C)n1],Ligand
MolPort-039-668-731 [Cc1n[nH]c(C(C)C)c1C(=O)Nc1nc(C2CCC2)cs1],Ligand
MolPort-020-667-172 [CC(C)(C)CC(O)Cc1ccc(Cl)cc1Cl],Ligand
MolPort-015-153-149 [Cc1cc(C(=O)O)ccc1-c1cc(F)cc(F)c1],Ligand
MolPort-002-106-624 [Cc1ccc(S(=O)(=O)N2CCN(c3ncccn3)CC2)c(C)c1],Ligand
MolPort-039-685-064 [Cc1oc2ncnc(NC(=O)C3COC(C)C3)c2c1C],Ligand
343878962 [Cc1ccc(CCC(=O)Nc2nc(C(=O)NC(C)(C)C)cs2)cc1C],Ligand
MolPort-045-309-266 [CNCC1CCN(C(=O)CC(C)c2ccc(OC)cc2)C1],Ligand
MolPort-007-403-979 [Cc1cc(N2CCOCC2)ccc1NC(=O)COc1ccc(F)cc1],Ligand
MolPort-021-144-886 [CCC1CCCN(C(=O)CC2CCCC(N)C2)CC1],Ligand
MolPort-036-058-631 [Cc1ccc2cc(N(C)CC3CNC3)ccc2c1],Ligand
MolPort-044-019-150 [CCN(CC)c1ncc(C(=O)Nc2ccc(C(C)C)cc2)cn1],Ligand
MolPort-020-753-768 [COCC1CCN(C(=O)c2ccc(C#CCO)s2)CC1],Ligand
MolPort-009-490-566 [CCc1nnc(NC(=O)c2ccc(OC(F)F)cc2)s1],Ligand
MolPort-034-971-824 [CC(C)CC(C)(O)c1cc2cccc(F)c2o1],Ligand
MolPort-008-460-745 [Cc1cccc(C(=O)N(CCCN)c2cccc(Cl)c2)c1],Ligand
MolPort-001-879-531 [CNC(=O)C1CN(C(=O)c2cc(C)oc2C(F)(F)F)CC12CCNCC2],Ligand
MolPort-037-662-989 [COc1ccc(N(C)CC(C)(C)CN)cc1Cl],Ligand
MolPort-039-458-039 [O=S(=O)(NC1CC2CCC(C1)N2Cc1ccccc1)c1cncc(Cl)c1],Ligand
MolPort-033-945-028 [O=C(Cc1cccc(F)c1F)NC1(CCl)CCC1],Ligand
MolPort-043-619-978 [COc1ccc(S(=O)(=O)NC(C)(C)c2ccccn2)cc1],Ligand
MolPort-024-236-439 [NCCc1ccc(Oc2cc(F)cc(Br)c2)cc1],Ligand
MolPort-038-480-470 [O=C(Nc1nccnc1Cl)c1cc(Br)c(Br)s1],Ligand
MolPort-023-552-703 [O=C(O)/C=C/c1ccc(N2CC3CCC(C2)O3)nc1],Ligand
MolPort-011-793-114 [CC1CCC(C(O)Cc2c(Cl)cccc2Cl)CC1],Ligand
MolPort-035-417-688 [CCN(CC)c1ccc(CNC(=O)N(C)Cc2ccccn2)cn1],Ligand
MolPort-035-047-377 [Cc1cc(C#N)cc(NCC(C)C(C)(C)C)n1],Ligand
MolPort-042-401-482 [CCOc1cccc(C(=O)N2CCC(C(=O)O)C2C)c1],Ligand
MolPort-012-034-380 [CC(C)CC(N)C(=O)Nc1ccc(C(C)(C)C#N)cc1],Ligand
MolPort-013-546-971 [Cc1ccc(C)c(Oc2ccc(CNC3CC3)cn2)c1C],Ligand
MolPort-028-395-369 [COC(=O)c1ccc(C)c(S(=O)(=O)Nc2ccc(C)cc2C)c1],Ligand
MolPort-041-927-412 [CC1CCNCC1NC(=O)C1Cc2ccccc2CN1C(=O)c1ccco1.Cl],Ligand
MolPort-031-171-703 [CCN(CC(=O)NC)Cc1c(O)ccc2ccccc12],Ligand
MolPort-044-754-471 [O=C(Nc1ccccc1F)C1CCCN(c2ccc(C3CC3)nn2)C1],Ligand
MolPort-039-528-947 [CC(C(=O)N1CCCCC1c1cnn(C)c1)n1cncn1],Ligand
MolPort-031-652-407 [CNC(=O)C(C)Oc1c(C)cc(Br)cc1CO],Ligand
MolPort-025-736-948 [CCn1nc(C)c(Cl)c1CC(N)C1CN(C)CCN1C],Ligand
MolPort-025-982-915 [NC(c1ncc(Cl)cc1Cl)C1CCOC2(CCC2)C1],Ligand
MolPort-021-883-674 [CC(C)C(N)c1nc2c(n1C)CCC(N(C)C)C2],Ligand
MolPort-034-621-792 [CCC1CCN(Cc2ccccc2)C(C(=O)O)C1],Ligand
MolPort-034-531-440 [Cc1nnc2sc(C3(CN)CCCCC3)nn12],Ligand
MolPort-003-913-761 [O=C(Nc1ccc(F)cc1)OC1CCCCC1],Ligand
MolPort-022-198-239 [Cc1c(C2(C(=O)O)CCCC2)nn(C)c1C],Ligand
MolPort-042-173-848 [CCc1ocnc1C(=O)N1CCc2cc(OC)c(OC)cc2C1CC(=O)O],Ligand
MolPort-008-879-177 [O=C(c1cc(N2CCCCS2(=O)=O)ccc1Cl)N1CCCC(CO)C1],Ligand
MolPort-042-390-563 [Cc1nc(C(F)(F)F)ccc1C(=O)N1CCC(C)CC1C(=O)O],Ligand
MolPort-003-248-044 [O=C(COC(=O)C1CCCCC1)Nc1ccc2c(c1)OCCO2],Ligand
MolPort-043-379-729 [CC1Cc2ccccc2N1C(=O)c1cc(C(=O)NC2CCS(=O)(=O)C2)ccn1],Ligand
MolPort-002-038-986 [O=C(CNCc1ccc2c(c1)OCO2)Nc1ccccc1F],Ligand
MolPort-010-677-522 [CC(C)c1nc(CNC(=O)c2coc(C3CC3)n2)no1],Ligand
MolPort-031-159-139 [CC(N)c1ccc(Br)cc1N1CCCCCC1],Ligand
MolPort-020-774-114 [CC1CCC(NCC(=O)Nc2ccc(F)cc2)C(C)C1],Ligand
MolPort-020-720-296 [Cn1ccnc1CSc1ccc(C(=O)O)o1],Ligand
MolPort-029-554-054 [CC(=O)CCc1cc(O)ccc1Br],Ligand
MolPort-022-560-864 [COc1cc(C)c(-c2nccnc2C(=O)O)cc1C(C)C],Ligand
MolPort-029-599-213 [CCN1CC(CC(=O)O)Cc2cc(OC)c(Cl)cc21],Ligand
MolPort-014-952-092 [CN(Cc1nccn1C)C(=O)N1CCCC(CC(=O)O)C1],Ligand
MolPort-000-443-470 [Cc1n[nH]c2c1C(c1c(Cl)cccc1Cl)C(C#N)=C(N)O2],Ligand
MolPort-035-088-897 [COc1cccc(N2N=C(C)C(CCC(=O)O)C2=O)c1],Ligand
MolPort-039-896-973 [CCOc1nc2cc(C(=O)N3CCC(=O)CC3)ccc2[nH]1],Ligand
MolPort-008-473-404 [CCc1cc(C(=O)O)c(NC(=O)CN2CC(C)OC(C)C2)s1],Ligand
MolPort-039-811-120 [Cc1noc(C)c1C(=O)N1CCCN(Cc2noc(C(C)(C)C)n2)CC1],Ligand
324403278 [CNC(=O)c1cc(C(C)C)nn1C(C)c1ccc(O)c(C(F)(F)F)c1],Ligand
MolPort-040-218-104 [O=C(c1coc(C2CCCCC2)n1)N1CC(O)CC1c1cccc(F)c1],Ligand
MolPort-036-253-637 [COc1cc(OC)c(CC(C)(C)CCN)c(OC)c1],Ligand
MolPort-032-693-763 [CCc1nc(-c2cc(Cl)ccc2OC)oc1C(=O)O],Ligand
MolPort-013-334-669 [Cc1nc(N)sc1SCC(=O)N1CC(C)CC(C)C1],Ligand
MolPort-041-115-074 [Cl.O=C(c1ccc(C(F)(F)F)cc1)N1CCC2CNCC2C1],Ligand
MolPort-011-963-367 [CCN(CC)C(=O)CN(C)S(=O)(=O)c1c(C)n[nH]c1C],Ligand
MolPort-008-592-977 [CCc1ccc(NC(=O)C(C)Nc2ccc(Cl)cc2)cc1],Ligand
344217100 [Cc1nc(NC2CCCCC2C)ccc1NC(=O)c1ccc(F)cc1],Ligand
MolPort-046-187-361 [Nc1nc2c(c(C(=O)N3CCCN(C(=O)c4cccs4)CC3)n1)CCCC2],Ligand
MolPort-038-413-167 [CCc1nc(C)sc1C(=O)N[C@@H]1[C@@H](CC)[C@H]2OCC[C@@H]12],Ligand
MolPort-042-512-274 [Cc1cc(NC(=O)N2C[C@@H](C(F)(F)F)[C@H](C(=O)O)C2)ccc1C(=O)N(C)C],Ligand
50465219 [COC(=O)Cc1cc(O)c(F)cc1Br],Ligand
MolPort-020-693-331 [OCc1sc(N2CCCC3CCCCC32)nc1C1CC1],Ligand
MolPort-027-050-601 [COc1ccc(Br)c(NC2=NCC(C)CS2)c1],Ligand
MolPort-026-241-237 [CC1(c2noc(CCC(CCN)C(C)(C)C)n2)CCCO1],Ligand
MolPort-026-595-344 [Cc1ccc(C(C)N2CCCCC2C(=O)O)c(C)c1],Ligand
MolPort-032-386-524 [CNCCc1ccccc1C(=O)NC1CCC(C)C(C)C1],Ligand
330567760 [COc1cc(C)ccc1-n1nc(C2CC2)c(C2(C)CC2)c1N],Ligand
324705963 [Cc1nn(-c2cncc(Cl)c2C)cc1CN],Ligand
MolPort-011-023-858 [CCN(CC=Cc1ccccc1)C(C)(C)C(=O)O],Ligand
MolPort-012-356-117 [CC(C)c1ccc(Oc2cc(Cl)ccc2C(=O)O)cc1],Ligand
MolPort-035-833-837 [Cc1ccccc1CNC(=O)CN(C)CC(=O)N(C)C],Ligand
MolPort-025-397-880 [CC1CC1(O)Cc1cccc(Br)c1],Ligand
MolPort-042-311-414 [CC(=O)NC(CC(=O)N1CCCC1(C)C(=O)O)c1ccc(C)cc1],Ligand
MolPort-005-271-608 [O=C(O)c1ccc(S(=O)(=O)Nc2nccs2)o1],Ligand
MolPort-009-011-744 [O=C(Nc1nc(CSc2ccccc2)cs1)C1CCC1],Ligand
MolPort-046-457-878 [O=C(NC12CCC(CC1)CC2)c1cccc(Cn2ccnc2)c1],Ligand
MolPort-037-837-220 [Oc1cc(F)c(Br)cc1CC1CCCCN1],Ligand
331344539 [CN1CCCCC1c1cc(N)n2nc(C3CCCCC3)c(C3CCC3)c2n1],Ligand
MolPort-046-640-658 [CCO[C@@]1(C)C[C@H]1NC(=O)N1CCC(c2ccn(C)n2)CC1],Ligand
MolPort-039-688-398 [CC1CCN(C(=O)N[C@H]2C[C@H](c3cccc(F)c3)C2)CC1O],Ligand
Z4405188688 [COc1ccc(NS(=O)(=O)c2cc(C(C)C)c(C)cc2OC)cc1],Ligand
MolPort-021-779-120 [Cc1ccc(CC(=O)NCC2CCCO2)c(C)c1],Ligand
MolPort-032-741-108 [Cc1oc(C)c(C(O)CC2OCCc3ccccc32)c1C],Ligand
MolPort-030-177-343 [Cc1ccc(OC(C)C(=O)NCC(C)(C)CO)cc1],Ligand
MolPort-028-443-037 [CC(=O)Nc1ccc(C)c(NC(=O)N2CCN(c3cccc(Cl)c3)CC2)c1],Ligand
MolPort-040-781-293 [O=C(Nc1ccc(F)cc1Br)N1CCN(C(=O)C2CC2)C1],Ligand
336887414 [COc1cc(F)c(NCc2cc(C)[nH]c2C)c(F)c1],Ligand
MolPort-030-898-879 [O=S(=O)(NCCC1CCC1)c1cccnc1Cl],Ligand
MolPort-032-968-444 [COc1ccc(Cl)cc1CC(N)COc1cccc(Cl)c1],Ligand
50467655 [N#Cc1cc(CBr)c(C(=O)O)cc1OC(F)F],Ligand
324420070 [Oc1ncnn1C(c1ccc(F)cc1)C1CC1],Ligand
MolPort-004-001-296 [O=C(COC(=O)c1ccc(Cl)cc1)Nc1ccc(Cl)cc1F],Ligand
MolPort-023-777-703 [CCCNc1cc(Oc2cccc(CC)c2)ncn1],Ligand
MolPort-020-762-637 [COCc1cccc(Oc2ccc(N)c(OC)c2)c1],Ligand
MolPort-013-211-321 [CCCNc1ncc(C(=O)N(CC)C(C)C)cc1Cl],Ligand
MolPort-006-588-240 [Cc1cccc(N2CCC(C(=O)NCCc3ccccn3)C2=O)c1],Ligand
MolPort-040-054-646 [Cn1nc(C2CCCCC2)cc1NC(=O)c1nc[nH]n1],Ligand
MolPort-040-458-130 [O=C(CC1CCCC1)NCC(=O)N1CCS(=O)(=O)c2ccccc2C1],Ligand
MolPort-023-481-476 [O=C(O)C1CC2CCC1N2C(=O)C1CNc2ccccc21],Ligand
MolPort-026-755-031 [O=C(NC1CCCC(C(=O)O)C1)c1csnn1],Ligand
44311679 [O=C(c1cscn1)N1CCCC2(CCN(C3CCOCC3)C2)C1],Ligand
MolPort-039-753-967 [O=C(NCc1cn2cc(Cl)ccc2n1)N1CCN2CCOCC2C1],Ligand
MolPort-042-947-023 [COc1cc(Cl)c(C)cc1N(CC(=O)Nc1cc(C)cc(C)c1)C(C)=O],Ligand
MolPort-035-667-836 [CCOc1cc(F)ccc1NC(=O)c1cnns1],Ligand
340140533 [N#Cc1ccc(OCCC(=O)NCc2nccs2)cc1],Ligand
MolPort-016-460-374 [CC(=O)Nc1ccc(Cl)c(NC(=O)c2ccc(N3CCCCC3=O)cc2)c1],Ligand
MolPort-046-716-654 [Cc1cc(C)n(CCC(=O)N2CCC(CO)(Cc3ccc(F)cc3)C2)n1],Ligand
MolPort-040-818-680 [Cc1cc(C(=O)N2CCC(C3OCCCC3N)CC2)ccc1-n1cccn1],Ligand
330113631 [Cc1c(Cn2nc(C#N)c(N)c2C(F)(F)F)cccc1C(F)(F)F],Ligand
MolPort-039-398-585 [O=C(NCc1ccccn1)c1coc(C2CCOCC2)n1],Ligand
MolPort-034-566-698 [Cc1nnc(NCCc2nccs2)nc1C],Ligand
MolPort-002-129-407 [CCc1ccccc1NC(=O)CN1CCN(c2cccc(C)c2C)CC1],Ligand
MolPort-043-460-838 [CCN(c1ccccc1)c1cnnc(NC2CC2)n1],Ligand
330969264 [CC1CCc2nn(Cc3ccccc3C3CC3)c(C(=O)O)c21],Ligand
MolPort-041-729-247 [CSC(C(=O)N1CC2CCC(N)C2C1)c1ccccc1.Cl],Ligand
MolPort-011-315-639 [Cc1cccc(-c2nc(C)c(CCC(=O)O)c(C)n2)n1],Ligand
MolPort-009-721-809 [O=S(=O)(NCC1CCN(C2CCCC2)CC1)c1ccc2c(c1)CCCC2],Ligand
MolPort-037-449-149 [Cc1cc(CN2CCN(C(=O)c3cccc(Br)c3)CC2)no1],Ligand
MolPort-030-984-451 [Cc1nn(-c2ccc(C(=O)O)cc2Br)cc1Cl],Ligand
MolPort-025-621-982 [c1nc(CNC2CCCC2C2CCCCN2)cs1],Ligand
MolPort-013-287-903 [Cc1cccc(Oc2cc(C(=O)O)cc(Cl)n2)c1],Ligand
MolPort-005-528-408 [COc1ccc(C)cc1CN1CCN(C(=O)Nc2cccnc2)CC1],Ligand
MolPort-041-696-980 [Cl.O=C(Nc1ccccc1C(=O)N1C2CCNCC1CC2)c1ccccc1],Ligand
MolPort-027-803-982 [Cc1ccc(SCC(N)Cc2cccc(Cl)c2)cc1],Ligand
MolPort-014-914-529 [CCc1cccc(OCc2cc(C(=O)O)ccc2OC)c1],Ligand
MolPort-042-383-918 [CC(C)(CCNC(=O)C(C)(C)c1ccccc1F)C(=O)O],Ligand
MolPort-043-674-638 [Cc1ccc(NC(=O)CCN(c2cccc(Cl)c2)S(C)(=O)=O)cc1],Ligand
MolPort-030-727-275 [CC(C)C1CCCCC1NCC1COc2ccccc2O1],Ligand
MolPort-038-308-774 [CNC(C)COc1cnn(-c2ccc(C(F)(F)F)cc2)c1],Ligand
MolPort-011-356-584 [COc1cccc(NC(=O)CN2CCNC(C)(C)C2=O)c1],Ligand
MolPort-024-545-612 [CC1(O)CCN(c2ccc(CO)c(C(F)(F)F)c2)CC1],Ligand
MolPort-024-369-046 [CCC1CN(C(=O)c2ccc3c(c2)OCO3)CCC1N],Ligand
MolPort-022-355-250 [CC(C)(C)NCc1ccc(C#N)cc1Br],Ligand
MolPort-044-502-342 [O=C(c1ccc(NCc2csc(C3CCCCC3)n2)cc1)N1CCOCC1],Ligand
MolPort-042-722-816 [CC1COc2ccccc2CN1C(=O)NC1CCSC1],Ligand
MolPort-014-268-623 [Cc1cnc(N(CCO)C2CCCCC2)nc1],Ligand
MolPort-040-029-634 [O=C(NCc1nc(CO)cs1)c1coc(C2CCCCC2)n1],Ligand
MolPort-030-116-131 [CC(C)C(O)CNC1CCc2ccccc2C1],Ligand
MolPort-031-007-028 [NCCCC(=O)OCc1ccccc1Br],Ligand
MolPort-020-962-789 [CCCNC(c1cc(C)c(Br)cc1C)C1CCOCC1],Ligand
MolPort-032-670-465 [Cc1ccc(CNc2ccc(C(N)=O)cc2C)cn1],Ligand
MolPort-018-354-326 [CCCOc1cccc(CNn2cnnc2)c1],Ligand
MolPort-036-230-014 [COc1ccc(-c2ccnc(C3(CO)CC3)n2)cc1],Ligand
MolPort-035-522-043 [COc1cc(Cl)c(C)cc1NC(=O)C(C)N(C)Cc1cc(C)on1],Ligand
MolPort-015-614-578 [CN(C)S(=O)(=O)c1ccccc1NC(=O)c1ccc(Cl)cc1F],Ligand
330656025 [COc1cc(-n2nc(C)c(C(C)(C)C)c2Cl)c(F)cn1],Ligand
MolPort-021-773-536 [CC(C)CN1CCN(C(=O)c2cc[nH]n2)[C@H]2CS(=O)(=O)C[C@H]21],Ligand
MolPort-030-547-832 [CC1COCCN1CCS(=O)(=O)c1cccc(C#N)c1],Ligand
MolPort-028-677-688 [Cl.N#CC[C@@H](N)c1c(F)ccc(Br)c1O],Ligand
MolPort-046-508-688 [COc1ccc(CN2C(=O)CC3(CC3)C(C(=O)O)C2C(F)(F)F)cc1],Ligand
MolPort-038-734-664 [CC(Nc1ccc(NC(=O)OC(C)(C)C)nc1)c1ccco1],Ligand
MolPort-000-479-484 [CCCn1c(CCCNC(=O)C(C)(C)C)nc2ccccc21],Ligand
MolPort-033-266-663 [Cc1ccc(C(CN)NCC(C)C)cc1Br],Ligand
MolPort-022-413-458 [CN(C)CCc1noc2cccc(Br)c12],Ligand
MolPort-038-995-966 [NC(=O)C1(O)CCCN(Cc2coc(-c3ccc(F)cc3)n2)C1],Ligand
MolPort-040-658-327 [Cc1nc(CNC(=O)N2CC(C3CCCCC3)C2)no1],Ligand
MolPort-021-358-896 [COCC1CCN(CCNc2ccccc2Cl)C1],Ligand
341761444 [CC(=O)C(C)Oc1ccccc1NC(=O)c1ccc(C)cc1],Ligand
MolPort-037-641-489 [CC(=O)Nc1ccc(C(=O)N2CCOCC2c2ccccc2)cc1],Ligand
MolPort-009-903-988 [Cc1nn(Cc2ccc(F)cc2)c(C)c1S(=O)(=O)N1CCOCC1],Ligand
341040209 [O=C(CS(=O)(=O)Cc1c(F)cccc1Cl)Nc1cc(F)ccc1F],Ligand
MolPort-032-566-918 [Nc1cc(Br)cc2nc(CC3CCCCC3)oc12],Ligand
MolPort-008-604-155 [COc1cccc2cc(CC(=O)O)c(=O)[nH]c12],Ligand
MolPort-030-887-093 [CCc1cccnc1-c1nc2c(c(NC)n1)CCCC2],Ligand
MolPort-035-254-479 [COc1ccc(C(CN)N(C)C2CCSC2)cn1],Ligand
MolPort-036-154-976 [COc1cc(C)c(Cl)cc1C(F)(F)C(C)(C)N],Ligand
MolPort-039-105-839 [Cc1nc(-c2ccc(CNC(=O)C3CCOCC3)cc2)no1],Ligand
338022402 [CCc1ncnc(N2CCN(Cc3ncccc3F)CC2)c1F],Ligand
MolPort-014-438-040 [OC(CNc1cccc(OC(F)(F)F)c1)c1cccs1],Ligand
MolPort-013-453-985 [CNC(C)c1ccc(OCCN2CCCCC2)c(Cl)c1],Ligand
324290662 [Cc1ccc(-c2cccc(C[C@H](NC(=O)OC(C)(C)C)C(=O)O)c2)cc1],Ligand
MolPort-030-735-903 [Cc1cccc(C)c1CS(=O)CCC(=O)O],Ligand
MolPort-013-525-436 [CN(c1cccc(C#N)c1)c1ccncc1N],Ligand
MolPort-034-485-037 [O=S(=O)(c1cn[nH]c1)N1CCCC(O)c2ccccc21],Ligand
MolPort-005-530-623 [O=C(CNC(=O)c1ccco1)NC1CCC2CCCCC2C1],Ligand
MolPort-008-111-795 [CCC(Oc1cc(C)cc(C)c1)C(=O)Nc1cccc(F)c1],Ligand
330655044 [Cc1cnc(Cl)cc1-n1nc(C(C)C)c(C(C)C)c1N],Ligand
54378844 [O=C(O)Cc1c(Br)cc(C(F)F)nc1C(F)(F)F],Ligand
MolPort-035-525-846 [Cc1noc(C)c1CCC(=O)Nc1cccc(CN(C)C)c1],Ligand
MolPort-023-876-903 [CC(C)c1nc(N)cc(N2CCCC3CCCC32)n1],Ligand
MolPort-022-074-559 [Cc1cc(N(C)CCC(=O)O)c(C)n1C(C)C],Ligand
MolPort-038-591-011 [Cc1cc(NC(=O)CC2CCCC2)cnc1Cl],Ligand
MolPort-043-950-791 [CCOC(=O)N1CCN(C(=O)c2ccc(Nc3cc(C)on3)cn2)CC1],Ligand
MolPort-011-987-732 [Cc1cc(C)c(C(=O)NC2CCC(=O)CC2)c(C)c1],Ligand
MolPort-040-685-956 [CCn1cc([C@@H]2OCCC[C@H]2C(=O)N[C@H]2CC[C@H](C)CC2)cn1],Ligand
MolPort-014-595-812 [CN(CCOc1ccccc1F)C(=O)C(C)(C)N],Ligand
MolPort-023-878-760 [CCNc1cc(Oc2ccccc2C#N)nc(C2CC2)n1],Ligand
MolPort-031-695-419 [O=C(Cc1cncs1)C1(c2ccccc2)CCCC1],Ligand
MolPort-044-765-164 [C[C@H](O)c1ccc(CNc2ccc(F)cn2)cc1],Ligand
MolPort-011-648-195 [CNC(COC)c1cc2ccccc2o1],Ligand
MolPort-040-645-860 [Cc1cc(N(C)C)nc(NC(=O)N2C3CCC2COC3)n1],Ligand
MolPort-004-352-285 [CCC(C)C(N)C(=O)Nc1cc(Cl)ccc1Cl],Ligand
MolPort-032-031-667 [O=C(O)/C=C/c1cnc(Oc2ccccc2Br)nc1],Ligand
MolPort-028-240-387 [O=C(NCc1cccnc1N1CCOCC1)N1CCc2ccccc2C1],Ligand
MolPort-022-529-372 [Cc1ccc(C(C)C)cc1-c1cc(N)ncn1],Ligand
MolPort-039-642-301 [COc1ccccc1C1(CNC(=O)N2CCC(C3CCCO3)CC2)CCC1],Ligand
MolPort-039-188-805 [Cc1ccnc(NC(=O)N2CCCC(N(C)Cc3ccccn3)CC2)c1],Ligand
MolPort-031-303-100 [CCN1CCOC(CN)C1c1cn(C)nc1C(C)(C)C],Ligand
MolPort-039-247-498 [Cc1noc(C2CC2)c1NS(=O)(=O)c1cnn(CC(F)F)c1],Ligand
MolPort-027-942-379 [O=S(=O)(CCc1ccccc1)N1CCCCc2ccccc21],Ligand
330010585 [CNC(=O)c1nn(-c2cc(C3CC3)ccn2)c(C(F)(F)F)c1Br],Ligand
MolPort-046-720-170 [Cc1csc(C(O)(CC(=O)N2CCN(C3CCOCC3)CC2)C(F)(F)F)n1],Ligand
MolPort-037-754-903 [COc1ccc(C2CCNC2)c(OC)c1SC],Ligand
MolPort-013-909-053 [CN(CCC(=O)c1ccc(Br)cc1)c1ccc(O)cc1],Ligand
MolPort-008-975-288 [CC(=O)Nc1ccc(S(=O)(=O)NC2(c3ccccc3)CC2)cc1],Ligand
MolPort-041-399-026 [CC(C)C(=O)N1CCCCC1C(=O)N[C@H]1CCCNC1.Cl],Ligand
MolPort-036-211-091 [NC(=O)c1nc(-c2ccc(Cl)cc2Cl)c[nH]1],Ligand
MolPort-008-219-454 [CCN1CCN(c2ncccc2NC(=O)c2ccccc2C(F)(F)F)CC1],Ligand
MolPort-042-582-768 [CC(Oc1cccc(Cl)c1)C(=O)Nc1cc(C(N)=O)ccc1F],Ligand
MolPort-036-196-105 [CCOc1ccc(-c2cnc(CO)[nH]2)cc1],Ligand
MolPort-024-220-822 [CCN1CCN(c2ccc3c(c2)N(C)C(=O)C3O)CC1C],Ligand
MolPort-034-547-441 [CCNCc1sc(CC2CCCCO2)nc1COC],Ligand
MolPort-041-564-399 [O=C(NC1(C(=O)O)CC1)c1cn(-c2cccc(C(F)(F)F)c2)nn1],Ligand
MolPort-041-893-857 [Cl.NCC(=O)Nc1ccc2c(c1)C(=O)CCC2],Ligand
MolPort-013-564-124 [O=C1CNCCN1Cc1c(F)cccc1Cl],Ligand
MolPort-033-005-211 [CNC(c1cc(C)cc(F)c1)c1scnc1C],Ligand
MolPort-045-602-145 [CC(C)CCc1noc(CN2CCCC(C(=O)O)C2)n1],Ligand
MolPort-032-616-631 [CCC(C#N)(CC)NS(=O)(=O)c1cccc2ncccc12],Ligand
MolPort-040-871-944 [CC1CCCN(CC2CCCC2)C1CN.Cl],Ligand
MolPort-029-076-596 [CC(C)(C)OC(=O)N1CCC(Cc2ccc(O)cc2)C1],Ligand
MolPort-036-306-687 [NCC1CCCN(c2ncc(-c3cc[nH]c3)cn2)C1],Ligand
MolPort-042-552-235 [CC1CC(C(=O)O)CN(Cc2ccc(Br)c(Br)c2)C1],Ligand
MolPort-014-522-064 [Cn1cc(Br)cc1C(=O)N(CCO)C1CCCC1],Ligand
MolPort-035-899-463 [Cc1ccc(S(=O)(=O)NC(=O)c2nc[nH]n2)cc1],Ligand
339679347 [Cc1ccc(NC(=O)C=Cc2c(Cl)cccc2Cl)cn1],Ligand
MolPort-007-441-532 [CC(C)c1nc2cc(NC(=O)C3CCCC3)ccc2o1],Ligand
MolPort-038-410-598 [CCCc1nc(C)c(CNC(=O)CCn2ccnc2C)s1],Ligand
MolPort-008-954-935 [CCOc1ccccc1NC(=O)c1cc(C2CC2)[nH]n1],Ligand
MolPort-029-351-458 [COc1ccc(N2CCOCC2CN)c(OC)c1],Ligand
MolPort-024-486-817 [C=C(Cl)COc1ccc(Br)c(CNC(C)(C)C)c1],Ligand
MolPort-020-652-969 [CC(C)NCc1ccc(F)c(-c2ccc(Br)cc2)c1],Ligand
MolPort-040-282-545 [Cc1nn(C)c(C)c1NC(=O)N1CC=C(c2ccc3c(c2)OCCO3)CC1],Ligand
MolPort-045-325-928 [NCC1CCCN1C(=O)c1ccc(OCC(F)(F)F)nc1],Ligand
MolPort-012-745-664 [NCc1cccc(N2CCN(CC3CC3)CC2)n1],Ligand
MolPort-023-905-203 [Cc1c(N)nc(C2CC2)nc1OCC1CC=CCC1C],Ligand
MolPort-036-244-806 [COc1cc(C(C)C)ccc1C(=O)CC1CCCN1],Ligand
MolPort-008-601-220 [COc1cc2c(cc1OC)C(O)CC1(CCNC1)O2],Ligand
MolPort-020-690-323 [O=C(NC1CCCS(=O)(=O)C1)c1cc(Cl)nc(Cl)c1],Ligand
337697887 [Cc1cc(C)n(-c2ccccc2OCC(F)(F)C(=O)O)n1],Ligand
MolPort-020-716-716 [CN1CCCc2cc(C(O)c3ccco3)ccc21],Ligand
MolPort-022-631-683 [CC(C)CN1Cc2ccc(C(C)(C)C)cc2C1CN],Ligand
MolPort-042-012-579 [CC(N)C1CCCN(C(=O)c2ccc(N3CCCC3)nc2)C1.Cl.Cl],Ligand
MolPort-045-780-630 [Cn1cc(-c2ncccc2C(=O)NCCS(=O)(=O)C(F)(F)F)cn1],Ligand
108095047 [Cc1cc(Br)c(OC(F)F)cc1CO],Ligand
MolPort-042-810-893 [CC1CCN(S(=O)(=O)NC2(C3(C)CC3)CC2)CC1],Ligand
MolPort-031-421-385 [CCCOc1cccc(-c2nc3c(c(NC)n2)CSC3)c1],Ligand
MolPort-008-298-804 [O=C(O)C1C2CCC(CC2)C1C(=O)NC1CCCCC1],Ligand
MolPort-020-589-182 [CC(N)Cc1c(SC2CCOCC2)nc2ccccn12],Ligand
MolPort-040-760-491 [N#Cc1ccc(S(=O)(=O)N2CCSCC2C2CCC2)cc1F],Ligand
MolPort-010-140-692 [COC(=O)Nc1ccc(CNC(=O)c2cc3c(s2)CCC(C)C3)cc1],Ligand
342668389 [O=C(CN1CCC(c2cccc(C(F)(F)F)c2)CC1)NCC1CCCO1],Ligand
MolPort-032-290-811 [CCCn1nccc1C1(O)CCC(OC)CC1],Ligand
MolPort-006-051-785 [O=C(NCC1CCCO1)c1ccc(C2SCCS2)cc1],Ligand
MolPort-021-081-200 [Nc1nc(NC2CC2)ncc1-c1ccccc1],Ligand
MolPort-014-031-173 [Cc1ncc(N)cc1C(=O)N1CCc2ccc(O)cc2C1],Ligand
336639787 [Cc1cc(CN[C@@H]2c3ccccc3C[C@@H]2O)ccn1],Ligand
MolPort-021-864-101 [Cc1ccc(Cl)c2c1CCNC2Cc1cccnc1],Ligand
MolPort-020-359-906 [CC(=O)Nc1ccc(-c2nncn2C)cc1],Ligand
MolPort-040-005-805 [O=C(NCC1CCCC(C(F)(F)F)C1)N1CCCCC1c1cn[nH]c1],Ligand
MolPort-042-185-700 [CC1CNCCC1NC(=O)c1ccccc1N(C)C(=O)C1CC1.Cl],Ligand
MolPort-025-635-246 [COc1cc(OC)cc(-c2onc(N)c2Br)c1],Ligand
324352375 [CC(C)c1cnn(-c2cccc(Br)c2)c1O],Ligand
MolPort-044-312-952 [O=C(NCCc1ccccc1)N1CCC(Cc2noc(C3CCOCC3)n2)C1],Ligand
MolPort-011-321-148 [CC1NCCn2c(C3COc4ccccc4C3)nnc21],Ligand
MolPort-036-789-787 [Cc1ccc(CCNC(=O)Nc2ccc(Cl)cc2)cc1],Ligand
MolPort-014-759-200 [Cc1ccc(C(C)Nc2ccnc(C)n2)cc1],Ligand
MolPort-029-718-224 [CC(=O)Cc1nc2cc(Cl)cc(Cl)c2[nH]1],Ligand
MolPort-013-874-634 [CCCN(CCNC)c1ncnc2sc(C)c(C)c12],Ligand
MolPort-029-063-302 [COc1c(Cl)cnc(C2CCCNC2)c1C],Ligand
MolPort-013-028-379 [CNC1C(=O)Nc2cc(N(C)CC(F)(F)F)ccc21],Ligand
253189 [Cc1cnc(C(=O)N2CCN(C)C(c3ccccc3)C2)cn1],Ligand
MolPort-040-561-613 [CC1(C)CN(C(=O)C2CC2)CCN1C(=O)c1coc2c1C(=O)CCC2],Ligand
MolPort-016-645-701 [O=C(CN1CCCC(c2ncncc2-c2ccncc2)C1)N1CCCCC1],Ligand
336694007 [Cc1cc(Cl)cc(CNCc2c(F)cc(F)cc2F)c1],Ligand
MolPort-041-147-846 [O=C(Nc1ccccc1C(F)(F)F)N1CCC2NCCC2C1],Ligand
MolPort-032-744-100 [Cc1nc(CC(O)c2ccc(Cl)c(C)c2)cs1],Ligand
MolPort-046-217-835 [CN(C)c1ncccc1OC1(C)CCNCC1],Ligand
MolPort-032-128-237 [O=C(O)c1cc2nc(C3CCC(F)(F)CC3)[nH]c2cc1F],Ligand
MolPort-031-853-263 [CC(C)N(C)CCNS(=O)(=O)c1ccc(C#N)cc1Cl],Ligand
MolPort-020-507-934 [COc1ccc(C(=O)O)cc1NC1CCC(C(C)C)CC1],Ligand
MolPort-042-687-149 [Cc1c(C(=O)N(CCC(=O)O)C2CCOCC2)sc2ccccc12],Ligand
MolPort-032-093-390 [CC1CCCC(Oc2ccnc3cc(Br)cnc23)C1],Ligand
MolPort-033-262-571 [Cc1ccc(CNCC2CC3CCC(C2)N3C)cc1Br],Ligand
MolPort-033-517-511 [Cc1cc(Br)cc(C(=O)NOCC(C)C)c1],Ligand
MolPort-002-787-441 [NC(=O)COc1ccc(-c2ccccc2)cc1Br],Ligand
324502610 [CCOC(=O)c1ccccc1Cn1ncc(C2CCCC2)c1O],Ligand
MolPort-022-132-410 [Cc1ccnc2ccc(OC(C)CN)c(Br)c12],Ligand
MolPort-034-768-698 [CCn1nccc1-c1nc(NC)c(Br)c(C(C)(C)C)n1],Ligand
MolPort-020-091-301 [COc1c(C)cnc(CN2CCN(C(=O)c3cnccn3)CC2)c1C],Ligand
MolPort-040-595-653 [CC1CC2CCCCC2N1C(=O)Nc1ncc(C2CCOCC2)s1],Ligand
MolPort-037-807-322 [COc1ccc2c(c1C1(CN)CCCC1)CCCCC2],Ligand
MolPort-031-486-978 [Cc1nc(CNc2ccc(F)c(Br)c2)c[nH]1],Ligand
MolPort-034-279-856 [COC(=O)c1sc2cccc(OC(F)F)c2c1N],Ligand
MolPort-033-911-386 [CCC(NC(=O)CC1CC2CCC1C2)c1ncc[nH]1],Ligand
MolPort-024-409-238 [CC(C)NCC(C)(C)Cc1cccc(F)c1Br],Ligand
MolPort-026-524-615 [Cc1ccc(C)c(CC(N)C2Cc3ccccc32)c1],Ligand
MolPort-010-119-169 [Cc1cccc(C(C)C)c1NC(=O)N1CCOC(c2ccc(F)cc2)C1],Ligand
337644131 [O=C(O)C(F)(F)COc1cccc2c1OC(F)(F)O2],Ligand
MolPort-039-215-660 [CCC1=NOC(CNC(=O)c2cccc(-c3nc(N(C)C)n(C)n3)c2)C1],Ligand
MolPort-026-563-517 [COc1ccc(CNC2CCC(=O)N(C)C2)cc1Cl],Ligand
MolPort-023-699-637 [CCCNc1ncc(Cl)c(N2CCCC(CO)C2)n1],Ligand
MolPort-045-255-887 [O=C(c1cc(Cl)cc2cccnc12)N1CCC(N2CCNCC2)C1],Ligand
MolPort-024-746-500 [CCn1nc(C)c(N)c1C(=O)Nc1cc(Br)ccc1C],Ligand
MolPort-023-141-039 [CC(C)c1nc(C2CCCN(C(=O)C3CCCO3)C2)no1],Ligand
MolPort-039-584-085 [O=C(Nc1ccn(CC(F)(F)F)n1)c1cc2n(n1)CCCO2],Ligand
MolPort-027-559-930 [CCCn1cc(-c2cccc(C(C)NCC)c2)c(C)n1],Ligand
324441745 [CC(c1ccc(F)cc1O)n1nc(C2CCCC2)cc1CCl],Ligand
MolPort-031-826-500 [Cc1cc(Br)cnc1N1CCCC1C(N)=O],Ligand
324561592 [CCc1c(C(=O)NC)cnn1-c1ccnc(C)c1F],Ligand
MolPort-014-323-059 [CC(N)C1CCCCN1Cc1ccc2ncccc2c1],Ligand
MolPort-013-746-363 [CCCS(=O)(=O)c1ccccc1NC(C)C1CCCNC1],Ligand
MolPort-014-769-771 [CC1CCN(C(CCN)c2ccccc2)CC1],Ligand
44336141 [CC1NC(=O)COC12CCN(Cc1cccs1)CC2],Ligand
MolPort-034-810-184 [CC1CC(C)C(C)N(c2ccc([C@@H](C)N)cc2)C1],Ligand
324719875 [Cc1cc(C(=O)O)c(-n2nc(C(F)F)c(Br)c2N)cn1],Ligand
MolPort-045-771-787 [Cc1cn(C(C)(C)C(=O)NC2CCOC(C3CC3)C2)cn1],Ligand
MolPort-040-090-576 [N#CC1(NC(=O)Cc2ccc3c(c2)NC(=O)C3)CCSCC1],Ligand
MolPort-010-363-465 [O=C(Nc1cccc(-c2cnco2)c1)C1=NN(C2CCS(=O)(=O)C2)C(=O)CC1],Ligand
336918914 [CC(C)Oc1cccc(NCc2ccncc2F)c1],Ligand
MolPort-024-514-513 [CC1CC(NC(=O)Cn2cccc2C(=O)O)CCN1C],Ligand
MolPort-027-745-416 [CCc1nn(C)c(NCc2cccc(OC)c2)c1N],Ligand
MolPort-005-197-697 [CC(NCCc1ccc(Cl)cc1Cl)c1ccc(O)cc1],Ligand
MolPort-019-732-251 [Cc1ccc(C=CC(=O)NCc2cccnc2)cc1],Ligand
MolPort-035-198-799 [N#Cc1cc(Br)ccc1Nc1ccc(Cl)c(C(=O)O)c1],Ligand
MolPort-021-629-247 [CCCC1CN(Cc2cccs2)C(CCC)CN1],Ligand
MolPort-027-692-384 [COc1ccc(CNC(=O)c2ccc(N3CCCCCC3)nc2)cc1O],Ligand
330056572 [COc1cc(-n2nc(C(C)C)c(CN)c2C(F)(F)F)ccc1C],Ligand
MolPort-041-505-817 [COc1c(C)cc(C)cc1S(=O)(=O)N1CCCCC1C(C)N.Cl],Ligand
MolPort-037-297-119 [Cc1cc(C(=O)NCc2ccc(F)cc2)ncn1],Ligand
MolPort-045-244-028 [COc1cccc2c1CCC2NC(=O)CCc1ccccc1N],Ligand
MolPort-039-734-510 [CC(C)c1nnc2n1CC(NC(=O)N1CC(C(C)C)c3ccccc31)CC2],Ligand
MolPort-002-611-051 [CC(=O)c1c(C(C)=O)c(C)n(NC(=O)c2ccc(Cl)cc2)c1C],Ligand
MolPort-020-086-988 [Cn1c(S)nnc1C1CCN(C(=O)C2CC3CCC2C3)CC1],Ligand
MolPort-022-509-440 [COc1ccc(CNc2cc(=S)[nH]c(C)n2)cc1],Ligand
MolPort-014-273-460 [CNc1ccc(C(=O)N2CCC(O)CC2)cc1C],Ligand
MolPort-043-573-484 [CC(C)c1ccc(Nc2ccc(NS(C)(=O)=O)nn2)cc1],Ligand
MolPort-032-629-782 [O=C(O)c1ccc(CCNC(=O)c2cncc(F)c2)cc1],Ligand
MolPort-027-007-065 [Cc1cc(C#N)cc(C)c1OCC(C)CNC(C)C],Ligand
331355041 [CC(C)c1nn2c(=O)[nH]c(=O)[nH]c2c1C1CCN(C(=O)OC(C)(C)C)C1],Ligand
MolPort-040-955-203 [CN(C(=O)c1cncc(F)c1)C1CCNCC1.Cl.Cl],Ligand
MolPort-011-542-719 [FC(F)(F)c1cnc(NC2CCC2)c(Cl)c1],Ligand
MolPort-012-155-734 [CCNC(c1cncc(Br)c1)c1cc(C)ccc1OC],Ligand
MolPort-008-857-062 [CC(O)(CNC(=O)OCc1ccccc1)c1ccc(Cl)cc1],Ligand
337150666 [OCc1nn(C2CCCCO2)c2ccc(Br)cc12],Ligand
330573167 [FC(F)c1c(C2CC2)nn(C2CCOC2)c1Br],Ligand
MolPort-026-317-052 [CCc1ccsc1CNc1cccnn1],Ligand
MolPort-014-427-368 [CN(C)c1ccc(-c2nc(N)c3c(n2)CCCCC3)cc1],Ligand
MolPort-038-966-784 [CN1CCC(NC(=O)Nc2cnn(C(C)(C)C)c2)C1c1ccccc1],Ligand
MolPort-033-803-355 [CC(C)C(Cl)CNC(=O)c1ccccc1Cl],Ligand
MolPort-024-200-032 [N#Cc1cc(F)c(Nc2ccccc2Cl)c(F)c1],Ligand
MolPort-008-522-797 [CC1CCc2c(sc3nc(CNC4CC4)[nH]c(=O)c23)C1],Ligand
MolPort-013-713-326 [CN(Cc1cccc(Cl)c1)c1ccc(N)c(C(=O)O)c1],Ligand
MolPort-015-651-200 [CC(COc1ccc(F)cc1F)NC(=O)C1(c2cccc(Cl)c2)CC1],Ligand
MolPort-013-950-809 [CSc1ccc(C(C(=O)O)N2CCCCCC2)cc1],Ligand
MolPort-012-837-294 [CC(C1CC1)N(C)C(C)(C(=O)O)c1ccccc1Br],Ligand
MolPort-044-896-840 [CC(C#N)CC(NC(=O)OCc1ccccc1)C(=O)O],Ligand
338825032 [CCC(Oc1cccc(C(N)=O)c1)C(=O)Nc1cc(Cl)ccc1C],Ligand
MolPort-043-604-875 [CC(C)Oc1ccc(N2CCN(C(=O)C3CCOCC3)CC2)cc1],Ligand
MolPort-041-061-987 [CC1CN(S(=O)(=O)N2CCC(C(C)N)CC2)CC(C)O1.Cl],Ligand
MolPort-012-080-719 [COc1ccc(C(C)Nc2cc(Br)ccc2N(C)C)cc1],Ligand
MolPort-015-037-517 [Cc1ccc(C)c(S(=O)(=O)NC(C)c2cccc(Br)c2)c1],Ligand
MolPort-031-765-983 [CC(C)N1CCC(NC2CC(C)(C)CC(C)(C)C2)C1],Ligand
MolPort-023-134-567 [Cc1noc(C)c1CC(=O)NCCc1ccc(C(=O)O)cc1],Ligand
MolPort-044-748-135 [CC(C)C1CCCN1C(=O)c1ccnc(-n2ccnc2)c1],Ligand
MolPort-022-994-771 [O=C(O)CCN(Cc1ccccn1)C(=O)Cc1ccccc1],Ligand
MolPort-009-525-423 [CNc1snc(C)c1C(=O)N1CC=C(c2ccccc2)CC1],Ligand
MolPort-026-384-912 [Cc1nc(CC(O)c2ccc(Cl)s2)sc1C],Ligand
MolPort-037-450-231 [CCCCNC(=O)c1ncsc1-c1ccccc1],Ligand
MolPort-027-455-071 [NCC1CCCC1COc1ccccc1S(=O)(=O)C(F)F],Ligand
MolPort-042-153-295 [CC(C)CC(=O)Nc1ccc(C(=O)N(C)C(C)(C)C(=O)O)cc1F],Ligand
MolPort-027-981-447 [Cc1cc(C(=O)Nc2cc3c(cc2Cl)OCCO3)ccc1F],Ligand
MolPort-030-850-556 [CCc1nn(C2CCCCC2)c(CC)c1C(C)N],Ligand
MolPort-037-208-948 [CC(=O)Nc1cccc(C(=O)N2CCCN(C(=O)C3CCCCC3)CC2)c1],Ligand
MolPort-003-299-528 [COc1ccc(-c2n[nH]c(=S)n2CCC(=O)N2CCCC2)cc1],Ligand
MolPort-039-221-102 [CO[C@@]12CC[C@H](O)C[C@@H]1N(Cc1cc3c(cc1C)OCO3)CC2],Ligand
MolPort-029-210-222 [Cc1ccc(F)c(Cl)c1CC(C)C(=O)O],Ligand
MolPort-044-117-320 [CCCNc1cc(C(=O)Nc2ccccc2OC)nc(C)n1],Ligand
MolPort-020-269-330 [CC(=O)NC1Cc2ccc(S(=O)(=O)N(Cc3ccccn3)C3CC3)cc2C1],Ligand
MolPort-013-627-403 [CNC(C)c1cc(Br)ccc1OCCO],Ligand
MolPort-020-155-933 [COc1ccc(CN(C)CC(=O)Nc2c(C)n[nH]c2C)cc1C],Ligand
MolPort-024-497-122 [N#Cc1ncccc1N(Cc1cccc(N)c1)C1CC1],Ligand
MolPort-036-831-935 [CC(C)(C)NC(=O)N/C=C/c1ccc(Cl)cc1],Ligand
330792458 [Cc1ccc(C2CCN(C(=O)OC(C)(C)C)CC2)cc1C(=O)O],Ligand
MolPort-037-810-194 [CSc1cc(CC2(O)CC2)cc(Cl)c1SC],Ligand
MolPort-008-602-465 [Cc1cc(C)c2c(c1)C=CC1(CCN(CCC(=O)O)C1)O2],Ligand
MolPort-024-317-491 [C[C@@H](NCc1cccc(Br)c1O)c1ccncc1],Ligand
Z2569586526 [CCn1ncc(C)c1NS(=O)(=O)c1ccc(C(F)(F)F)cc1F],Ligand
MolPort-044-130-718 [CCN(CC)C(=O)c1cc(Nc2cc(Cl)ccc2Cl)nc(C)n1],Ligand
MolPort-038-871-638 [CC(C)(CN)c1nc(-c2cccc(O)c2)no1],Ligand
MolPort-045-417-984 [COc1ccc(Cl)cc1S(=O)(=O)NC1CCCCC1CN],Ligand
MolPort-012-441-410 [CCCN1CCN(C(c2cccs2)C(C)N)CC1],Ligand
317699685 [COc1cc(SC)c(O)cc1OC(F)(F)F],Ligand
MolPort-026-274-224 [CC(N)Cc1ncc(-c2cc(F)cc(F)c2)[nH]1],Ligand
MolPort-005-538-895 [COc1ccccc1NC(=O)c1ccc(Cl)c(N2CCCC2=O)c1],Ligand
324506955 [COc1cccc(C(C)n2ncc(CC(C)C)c2N)c1],Ligand
MolPort-039-961-922 [CN1CCN(C)C(CNC(=O)c2cn(-c3ccc(C(F)(F)F)cn3)nn2)C1],Ligand
MolPort-039-349-136 [O=S(=O)(c1ccc(OCc2ccccc2)cc1)N1CC2CC3CC2C1C3O],Ligand
MolPort-005-683-307 [COc1ccccc1Oc1ccc(NC(=O)C(C)C)cc1],Ligand
MolPort-024-310-542 [C[C@@H](NCc1cc(=O)n(C)c(=O)n1C)c1ccco1],Ligand
MolPort-024-551-539 [N#Cc1ccc(NC(=O)C2CCC(CN)CC2)c(F)c1],Ligand
MolPort-040-980-676 [CC(C)CC(CN)NC(=O)c1cc(Cl)ccc1Cl.Cl],Ligand
MolPort-045-780-818 [COC1CC(C(=O)N(C)Cc2nc3cc(C(F)(F)F)ccc3[nH]2)C1],Ligand
MolPort-038-064-790 [CCc1[nH]c(CN)nc1-c1ccc(Br)cc1],Ligand
MolPort-021-511-728 [Cc1cc(NC2CC(C)CC(C)C2)ccc1NS(C)(=O)=O],Ligand
MolPort-035-683-878 [Cl.NC1CCCN(Cc2ccccc2)CC1],Ligand
345063199 [CCN(c1cccc(C)c1)c1ncccc1NC(=O)C1CCCC1],Ligand
MolPort-026-018-232 [CC1CC(O)(Cc2ccc(I)cc2)CS1],Ligand
MolPort-045-440-005 [O=S(=O)(NCC1NCCc2ccccc21)c1ccc(F)c(F)c1],Ligand
MolPort-035-750-685 [Cc1nc(CN[C@@H](CO)Cc2ccccc2)cs1],Ligand
MolPort-031-057-415 [Cn1ccc(CC(O)c2ccc(Cl)cc2Cl)n1],Ligand
MolPort-042-076-294 [Cl.O=C(c1c(F)cccc1F)N1CCN(C(=O)C2COCCN2)CC1],Ligand
MolPort-026-243-709 [CC1(c2noc(CC(=O)C(F)(F)F)n2)CCCO1],Ligand
MolPort-046-703-509 [CC1(C)CN(c2c(C#N)cnc3c(Cl)cccc23)CCN1CCO],Ligand
MolPort-030-942-489 [CCC1(CC)CC(NS(=O)(=O)c2ccc(Br)s2)CCO1],Ligand
MolPort-025-889-193 [CC1CCCCC1(N)Cc1nc2ccccc2s1],Ligand
MolPort-012-836-600 [CN(Cc1ccsc1)C(C)(C(=O)O)c1ccc(F)c(F)c1],Ligand
MolPort-045-128-273 [CC1(C)C2OCCCC2C1(N)C(=O)NCc1cccc(Cl)c1],Ligand
MolPort-014-627-209 [CC(C)(C)c1cc(=O)[nH]c(C2(c3ccccc3)CCC2)n1],Ligand
MolPort-037-762-418 [COc1cc(C(C)(C)F)cc(CC(=O)O)c1OC],Ligand
MolPort-008-347-057 [CC(=O)N1CCC[C@H]1C(=O)Nc1cc(C)on1],Ligand
MolPort-013-931-169 [CCC(NCC1CCN(CC(F)(F)F)C1)c1ccco1],Ligand
MolPort-043-904-963 [Cc1ccc(NC(=O)C2CCC(C(=O)NCc3ccccc3F)CC2)cc1],Ligand
MolPort-034-147-309 [CCCN(C=O)C1(C(=O)O)CCc2cc(F)ccc21],Ligand
339475086 [CCc1ccccc1NC(=O)c1cccc(C)c1OC(C)(C)C(N)=O],Ligand
MolPort-039-650-994 [CCN(Cc1ccc2c(c1)OCO2)C(=O)NC1CCC2(CCOCC2)CC1],Ligand
MolPort-022-979-582 [CC(C#N)Cn1c(CN(C)C)nc2cc3c(cc21)OCO3],Ligand
MolPort-037-626-017 [Cc1ccc(CC(=O)NCc2c(C)noc2C)cc1],Ligand
MolPort-025-562-813 [Clc1ccc(-c2n[nH]cc2CNC2CC2)c(Cl)c1],Ligand
MolPort-020-159-201 [O=C(NCc1csc2ccccc12)N1CCS(=O)(=O)CC1],Ligand
MolPort-024-105-042 [Cc1cccc(S(=O)(=O)C2CCCCC2)c1N],Ligand
MolPort-033-897-716 [Cc1cc(NC(C)C2CCC2)ccc1C(=O)O],Ligand
MolPort-035-145-085 [CN(Cc1cccc(C#N)c1)c1ccc(Cl)cc1CO],Ligand
MolPort-040-538-310 [COc1ccc(C(=O)NCC2(O)C3C4CC5C6C4CC3C6C52)cc1],Ligand
MolPort-037-769-621 [COc1c(C(C)(C)CO)cc(Cl)c(C)c1OC],Ligand
331083456 [Nc1ccc2c(c1)OC1(CCCCC1)C(=O)N2CCC(=O)O],Ligand
336880142 [CCCC(C)CNc1cc(Cl)cn(C)c1=O],Ligand
MolPort-011-831-020 [CC(NC1CC(c2ccccc2Br)C1)c1cccc(O)c1],Ligand
MolPort-023-492-318 [COCC1CCN(c2nc(CC(=O)O)cs2)CC1],Ligand
MolPort-012-805-967 [CCC(N)(CC)c1nc2c(s1)CSc1ccccc1-2],Ligand
336773076 [COc1ccc(F)c(F)c1CNCC1(O)CCC1],Ligand
331329457 [Cc1nn2c(O)c(C#N)cnc2c1C1CCOCC1],Ligand
MolPort-038-900-934 [CCCc1cc(NS(=O)(=O)c2cnc(C)s2)[nH]n1],Ligand
MolPort-012-677-805 [CCn1c(C)nc(-c2ccc(OC)cc2OC)c1N],Ligand
MolPort-034-842-851 [CC1(C)CC(C(O)c2cc(F)c(F)c(F)c2)C(C)(C)O1],Ligand
MolPort-034-199-684 [NC1(C(=O)Cc2ccc(C(F)(F)F)cc2)CC1],Ligand
324183857 [CCn1nc(C)cc1C(=O)N1CCCC2(CCc3c2nc(C(C)(C)C)[nH]c3=O)C1],Ligand
MolPort-024-687-006 [Cc1ccc(C(=O)NCC2CCCCC2CBr)cn1],Ligand
MolPort-025-943-482 [CN(C)C(=O)CN(C)c1nc(C(F)(F)F)ccc1CN],Ligand
MolPort-044-503-728 [COc1cccc2c1CCC2NC(=O)C1(Cc2ccccc2F)CC1],Ligand
MolPort-025-202-037 [CCC1CCCC(C#N)(C(O)C2CCC(C)CC2)C1],Ligand
MolPort-039-399-515 [Cn1nnc2c(C(=O)NC3CCOC3C3CC3)ccnc21],Ligand
MolPort-041-028-862 [Cc1cccc(OCCC(=O)NCC2CCNC2)c1.Cl],Ligand
MolPort-006-130-361 [CC(C)(C)NCC(O)COc1cc(Cl)ccc1Cl.Cl],Ligand
MolPort-044-716-431 [c1cc(OC2CCN(Cc3ccsc3)CC2)ccn1],Ligand
340217379 [Cc1cccc(OCCC(=O)Nc2ccc3c(c2)OCC(=O)N3C)c1C],Ligand
MolPort-020-283-163 [CC(=O)N1CCCC(O)(CN2CCC(c3noc(C)n3)CC2)CC1],Ligand
MolPort-028-787-153 [CC(C)C(NC1CCOCC1)c1ccc(C(F)(F)F)cc1],Ligand
MolPort-038-960-943 [CN(C(=O)c1c(O)cccc1F)C1CCCCNC1=O],Ligand
MolPort-028-677-884 [Cc1cc(Br)cc([C@H](N)C2CCC2)c1O.Cl],Ligand
MolPort-031-280-183 [CCC1(C(=O)Nc2ccc(C)c(C(F)(F)F)c2)CCCN1],Ligand
MolPort-032-619-076 [NC1CCC(Nc2ccc(F)c(Br)c2)C1],Ligand
MolPort-038-014-956 [CN1CCCCc2ccc(CC(=O)O)cc21],Ligand
MolPort-027-871-893 [CC1CCc2sc(C(=O)NCc3cncn3C3CC3)cc2C1],Ligand
MolPort-030-557-493 [CCC(CN)CC(=O)Nc1ccncc1Br],Ligand
MolPort-010-665-419 [CCCNC(=O)CC1CCN(C(=O)Nc2cccc(Cl)c2)CC1],Ligand
MolPort-046-700-439 [COC(=O)COC1(c2cccc(Br)c2)CCCCNCC1],Ligand
MolPort-013-333-215 [CN(Cc1cccc(CN)c1)c1ncccc1C(N)=O],Ligand
MolPort-010-823-580 [Cc1cccc(NS(=O)(=O)c2cc(C(=O)N3CCCCC3)n(C)c2C)c1C],Ligand
MolPort-025-483-769 [CCCCc1noc(C2(N)CCCCC2)n1],Ligand
MolPort-028-862-618 [Cc1cc(C)c2c(N3CCOCC3)nc(C(=O)NC3CC3)nc2n1],Ligand
MolPort-041-184-960 [C[C@@H]1CN(C(=O)C2CC(c3ccccc3)=NO2)C[C@H]1C(=O)O],Ligand
MolPort-009-163-746 [COCCN1C(=O)c2ccccc2NC1c1ccc(OC)cc1OC],Ligand
MolPort-024-206-118 [CCNc1ncc(F)c(Nc2ccc(Br)cc2CC)n1],Ligand
MolPort-044-631-681 [CCn1ccnc(N2CCC(c3nc(N(C)C)n[nH]3)CC2)c1=O],Ligand
MolPort-022-484-580 [CCCc1nc(CN2CCN(C)CC2)sc1CC#N],Ligand
MolPort-020-904-814 [CCCn1ccnc1C1CC(CC)CCN1],Ligand
MolPort-034-936-969 [CC(C)(N)c1cncn1Cc1ccc(Br)cc1],Ligand
MolPort-022-803-785 [CCN1C(=O)C(C)c2cc(CCCN)ccc21],Ligand
MolPort-014-346-031 [CNCC1CCN(CC(=O)N(C)Cc2ccccc2C)C1],Ligand
MolPort-013-301-694 [Cc1nn(C)c(Cl)c1CSc1ncccc1C(=O)O],Ligand
MolPort-044-684-949 [CN(Cc1nc2ccc(F)cc2[nH]1)C(=O)[C@H]1CC[C@@H](N)C1],Ligand
MolPort-046-010-668 [Cn1cc(C(F)C(F)(F)C(=O)O)c(C(C)(C)C)n1],Ligand
MolPort-012-892-452 [CCCOc1ccc(C(NC)c2nc(C(C)C)cs2)cc1],Ligand
MolPort-011-422-050 [CN(C)c1cccc(CNCc2ccccc2)c1],Ligand
MolPort-025-560-523 [Cc1cc(C)c(C(=O)O)c(N(C)C(C)Cc2cccs2)n1],Ligand
MolPort-009-767-864 [CN(C)S(=O)(=O)c1cccc(NC(=O)NC2CCCCC2)c1],Ligand
MolPort-021-640-466 [CCCC(C)CN1CC(c2ccccc2)NCC1CC],Ligand
MolPort-020-701-264 [CCN(CC1CC1)c1nnc(C)c(C)c1CN],Ligand
MolPort-041-981-240 [Cc1cc2cc(C(=O)NC(C)(C)CN)oc2cc1C.Cl],Ligand
MolPort-011-062-620 [CN(CC1CCC1)S(=O)(=O)c1cncc(C#CCCO)c1],Ligand
MolPort-014-784-651 [Cc1nc(N)sc1C(=O)N(C)CC(=O)NC1CC1],Ligand
55741658 [CN(C)C(=O)N1CCCC(c2nc3ccc(N4CCCC4)cn3n2)C1],Ligand
MolPort-038-655-106 [O[C@@H]1CCCC[C@H]1NCc1ccc(F)cc1F],Ligand
MolPort-024-432-457 [COc1ccc(NCc2cc(F)cc(C#N)c2)c(OC)c1],Ligand
MolPort-020-323-872 [Cc1nc(NC(C)c2ccccc2)sc1C],Ligand
MolPort-011-669-614 [Nc1cc(-c2ccc(Br)o2)ncn1],Ligand
43245853 [CNC(=O)C1CN(C(C)=O)CCN1C(=O)c1cc2cc(F)ccc2[nH]1],Ligand
MolPort-038-019-164 [Cc1ccc(C(C)(F)CC2CCNC2)cc1],Ligand
MolPort-001-835-520 [CC(C)(C)C1CCC(OC(=O)c2ccccc2C(=O)O)CC1],Ligand
336943304 [COc1cccc(F)c1CNc1cc(C)cc(Cl)c1],Ligand
MolPort-019-984-185 [COC(=O)c1c(NC(=O)c2cc(C)no2)c(C)nn1C],Ligand
MolPort-038-150-924 [CCOC(=O)C(N)c1cn(C(C)C)c2ccc(F)cc12],Ligand
MolPort-022-558-076 [Cc1nc(CCN)nn1-c1ccccc1Br],Ligand
338455565 [CC(C)(C)NC(=O)C1CCN(C(=O)Cc2cn3cc(Cl)ccc3n2)CC1],Ligand
MolPort-037-833-854 [COc1ccc(CC(C)(C)C(=O)O)cc1S(C)(=O)=O],Ligand
MolPort-041-401-379 [Cl.Cl.O=C(CN1CCOc2ccc(Cl)cc21)N[C@H]1CCCNC1],Ligand
MolPort-037-692-601 [COc1cc(Cl)cc(CC2(N)CC2)c1O],Ligand
MolPort-042-821-473 [CC1CC(CN2CCN(C)CC23CCCCC3)CCN1],Ligand
MolPort-024-772-598 [Cc1cc(C(C)n2cncc2CO)c(C)s1],Ligand
MolPort-006-844-312 [O=C(Nc1cccc(C(F)(F)F)c1)c1noc2c1CCC2],Ligand
317709766 [CCC(O)c1ccc(-c2ccc(OC)cc2)s1],Ligand
MolPort-026-504-955 [CCC(c1cccs1)N1CC(=O)NC(C)C1=O],Ligand
MolPort-029-210-178 [COc1c(C(N)CO)cc(C)c(Cl)c1C],Ligand
MolPort-023-922-423 [CCC1CCC(C(=O)O)C(Cc2cc(Cl)ccc2OC)C1],Ligand
MolPort-028-229-314 [Cc1ccc(CNC(=O)CC(C)(C)C)c(C)c1],Ligand
330452316 [Cc1nc(CN2CCC(C3CCNCC3)CC2)no1],Ligand
MolPort-041-347-443 [Cl.O=C(CCC1CCNC1)Nc1cccc2c1OCCO2],Ligand
330077345 [CCOC(=O)c1c(C2CCC2)nn(C2CCCNC2)c1C(F)(F)F],Ligand
MolPort-026-207-863 [COc1ncnc(Sc2ccc(C(F)(F)F)cn2)c1N],Ligand
MolPort-011-212-961 [CCOC(=O)Nc1ccc(Br)cc1C(=O)O],Ligand
MolPort-003-015-016 [CCC(=O)N(C)c1nnc(C23CC4CC(CC(C4)C2)C3)s1],Ligand
MolPort-013-438-175 [COc1ccccc1CC1(C)CCNC1c1ccccc1],Ligand
MolPort-020-045-893 [O=C(CCN1CCc2[nH]nc(C(F)(F)F)c2C1)Nc1ccccc1],Ligand
MolPort-043-637-401 [CC(c1ccccc1)N1CCN(C(=O)Nc2ccc(N(C)C)cc2)CC1],Ligand
MolPort-039-970-005 [Cc1nc(C2CCCN(C(=O)c3ccc(OCC4CCCCC4)cc3)C2)n[nH]1],Ligand
MolPort-024-430-018 [CCc1ccc(S(=O)(=O)N2CCC(C)(C)CC2)cc1CN],Ligand
MolPort-029-416-515 [Cc1cc(C)n(CC(=O)N2CCCCC2)c1C(=O)O],Ligand
MolPort-025-114-554 [Cc1ncccc1NCc1cccc(F)c1],Ligand
MolPort-025-873-182 [CC(NCc1noc(-c2ccco2)n1)(C(=O)O)C(F)(F)F],Ligand
MolPort-040-166-713 [Cc1cccc2nc(CNC(=O)C3COCCN3C)cn12],Ligand
MolPort-028-958-550 [CNS(=O)(=O)c1ccc(C)c(B2OC(C)(C)C(C)(C)O2)c1],Ligand
MolPort-001-999-224 [CCN(CC)C(=O)C1CCN(Cc2ccccc2F)CC1],Ligand
MolPort-026-027-285 [Cc1nc(CC2(O)CSCC(C)(C)C2)cs1],Ligand
336694632 [Clc1ccsc1CNCC1CCCC1],Ligand
MolPort-034-997-053 [CCNc1cccc(-c2cccc3c2OCC3)n1],Ligand
MolPort-014-644-257 [CN1C(=O)CCc2cc(C(O)C3CCCCCC3)ccc21],Ligand
MolPort-030-773-353 [CCNC(Cc1nccn1C)C1Cc2ccccc2O1],Ligand
MolPort-026-350-404 [Cc1cccc(CN(C)CC2CCC(CNC3CC3)O2)n1],Ligand
MolPort-039-619-599 [CC(C)N1CCC(N2CCN(C(=O)c3cc(-c4ccc(F)cc4)[nH]n3)CC2)CC1],Ligand
344601431 [Cc1nc(N(C)Cc2ccccc2)ccc1NC(=O)C(C)C],Ligand
MolPort-008-775-967 [Nc1ccccc1[SH2]c1ccc2c(c1)OCCO2],Ligand
MolPort-012-670-903 [CN(Cc1cc(Br)cs1)C(=O)CCC1CCNCC1],Ligand
330669361 [CCc1nn(-c2cncc(C)c2)c(Br)c1C(F)(F)F],Ligand
MolPort-039-267-148 [Cc1noc(C(C)(C)NC(=O)Nc2ncn(C3CCCCC3)n2)n1],Ligand
MolPort-029-229-525 [CNCc1c(Br)n(C)c2c(C)cccc12],Ligand
MolPort-038-998-718 [O=C(NC1CCCOc2c(F)cccc21)c1noc2c1CCCC2],Ligand
MolPort-039-432-746 [CC(CN1CCN(C)CC1)NC(=O)N1C2CCC1CC(c1ccnn1C)C2],Ligand
MolPort-042-896-170 [CC1N(C(=O)Nc2ccc(F)cc2)CCC12CCOCC2],Ligand
MolPort-011-768-733 [CC(C)c1nnc(Cl)n1-c1ccc(Cl)c(F)c1],Ligand
MolPort-034-051-349 [CC(C)Oc1ncccc1CNc1ccc(N)nn1],Ligand
337469401 [Cc1ccncc1OCc1ccc(F)cc1C(=O)O],Ligand
MolPort-023-639-999 [Cc1cccn2nc(NCC3(C)CCCS3)nc12],Ligand
MolPort-016-558-028 [CC1(NCC2CCCc3ccccc32)CCCC1],Ligand
MolPort-034-790-474 [COc1ccc(CNc2cc(=O)[nH]c(C(C)C)n2)cn1],Ligand
MolPort-040-899-219 [Cl.O=C(NCc1ccc(Cl)s1)C1CCCNC1],Ligand
MolPort-032-329-687 [CC(C)C1CCN(C(=O)CC2CCCCC2N)C1],Ligand
MolPort-029-564-039 [O=C1CNCCN1CCCc1ccc(F)c(F)c1],Ligand
MolPort-036-209-003 [NCC1(c2nc(-c3ccc(F)cc3F)c[nH]2)CC1],Ligand
MolPort-010-148-040 [COc1ccc(NC(=O)NCCc2cccc(F)c2)cc1F],Ligand
MolPort-039-182-699 [CN1CCN(C(=O)NCc2ccccc2)CC1c1ncc[nH]1],Ligand
MolPort-022-251-444 [CNCC(C)(O)c1cc(OC)c(Cl)cc1OC],Ligand
MolPort-039-404-083 [Cc1nc(C2(NC(=O)N(C)C3CCCC3)CCCCC2)no1],Ligand
MolPort-025-015-978 [NCCc1nc(C(=O)Nc2cccnc2Cl)cs1],Ligand
MolPort-011-809-077 [CC(C)(C)C1CCC(CO)(Nc2ccccc2Br)CC1],Ligand
MolPort-035-048-911 [Cc1cc(C(N)=S)cc(NN2C(C)CCCC2C)n1],Ligand
MolPort-002-308-074 [NC(=O)c1ccc(S(=O)(=O)Nc2ccccc2)cc1],Ligand
MolPort-038-807-313 [CC(C)CC(NCCc1ccnn1C)c1ccccc1],Ligand
MolPort-013-364-851 [O=CC1CCCCN1CC(=O)Nc1ccc(F)cc1F],Ligand
MolPort-009-621-268 [Cc1cccc(OCCC(=O)Nc2ccc(C(N)=O)cc2)c1C],Ligand
MolPort-008-683-091 [COc1ccc(-c2nc(C(=O)O)c(C)[nH]2)cc1OC],Ligand
MolPort-024-996-622 [CCCN(CCO)CC1Cc2cc(Br)ccc2O1],Ligand
MolPort-012-089-802 [O=C(O)/C=C/c1c(OCC2CC2)ccc2ccccc12],Ligand
Z1905798060 [Cc1nnc(C2CN(Cc3cn(C)nc3C)CCO2)o1],Ligand
MolPort-038-886-968 [COC(=O)c1ccccc1S(=O)(=O)NC1CCC(SC)C1],Ligand
MolPort-020-203-733 [Cc1ccc(CN2CCC(N3CCCC(C(=O)NC4CC4)C3)CC2)cc1F],Ligand
MolPort-029-901-525 [COc1cccc(-c2cccc(NC(=O)N3CCC(F)(F)CC3)c2)c1],Ligand
MolPort-028-674-356 [Cl.N[C@H](c1ccc(Cl)c(Cl)c1O)C(F)(F)F],Ligand
MolPort-011-719-419 [Cc1cc(C(C)Nc2ncc(C(=O)O)cc2Cl)c(C)o1],Ligand
MolPort-010-183-102 [Cn1ncc2c(N(CC3CCCCC3)C3CC3)ncnc21],Ligand
MolPort-030-713-999 [COc1ccc(N(C)C2CCCCC2C)c(N)c1],Ligand
MolPort-026-097-879 [O=C1COc2ccc(Br)cc2N1CCS],Ligand
MolPort-030-367-455 [CN(C(=O)NCC(C)(C)C(=O)O)c1ccccc1],Ligand
MolPort-038-848-307 [COCCC1(CNC(=O)c2cc(OC)ccc2Br)CC1],Ligand
MolPort-008-643-403 [CCOc1ccc(CN2CCCNCC2)cc1],Ligand
345255900 [O=C(O)c1cn2cc(Br)ncc2c1Cl],Ligand
MolPort-007-255-088 [CC1CCCC(NC(=O)Cc2ccc3c(c2)OCCO3)C1C],Ligand
MolPort-020-627-676 [C[C@H](O)c1c(F)cccc1Oc1ccc(F)c(Cl)c1],Ligand
MolPort-027-373-832 [CN(C1CCCC1CN)S(=O)(=O)c1cccc(Cl)c1F],Ligand
MolPort-026-554-677 [CC(C)NCC1(c2ccccc2)CC(C(C)C)C1],Ligand
MolPort-011-598-649 [CCc1c(C)nn(Cc2cc(CNCC(C)C)co2)c1C],Ligand
MolPort-031-090-972 [CCNC1CCCN(CCn2ccccc2=O)C1],Ligand
MolPort-028-217-445 [CC(C(=O)NCC(F)(F)F)N1CCN(C(=O)c2cc(Cl)cc(Cl)c2)CC1],Ligand
MolPort-013-660-860 [NC(=O)c1cc(N)cnc1Oc1ccccc1Br],Ligand
MolPort-021-565-953 [CCC(CC)n1ccc(CN2CCC(C)(C(=O)O)C2)n1],Ligand
MolPort-032-920-234 [OC(c1ccc(F)cc1F)C1Cc2ccccc2S1],Ligand
MolPort-035-382-626 [O=C(NCCc1cccc(Oc2ccccc2)c1)[C@H]1CCCN1],Ligand
MolPort-022-962-688 [CC(C)(Cc1ccc2c(c1)CC(=O)N2)CN1CCNCC1],Ligand
MolPort-039-315-702 [CC(NCc1ccc(C#N)cc1)(C(N)=O)c1cccc(C(F)(F)F)c1],Ligand
342673960 [Cc1nc(Nc2ccc(F)c(F)c2)sc1C(=O)NC1CCS(=O)(=O)C1],Ligand
MolPort-012-472-047 [CCS(=O)(=O)c1ccccc1NCc1cc(C)cc(C)c1],Ligand
MolPort-038-183-416 [O=C(CCc1cccc2c1CNCC2)N1CCOCC1],Ligand
MolPort-014-495-419 [C=CCN(Cc1ccc(Cl)s1)C(=O)C1CCCCN1],Ligand
MolPort-042-870-847 [Cc1ccnc(C)c1NC(=O)N1CCCCC(C)(C)C1],Ligand
MolPort-023-268-371 [CNS(=O)(=O)CCn1ccnc1-c1cnc(C2CCCCC2)nc1],Ligand
MolPort-040-620-189 [O=C(Nc1nc2cc3c(cc2[nH]1)OCO3)[C@@H]1C[C@H]2CC[C@@H]1O2],Ligand
MolPort-038-748-678 [COc1ccccc1CC(=O)NC1(CO)CCOCC1],Ligand
MolPort-027-802-352 [Cc1ccnc(N)c1C(N)CSc1ccc(F)cc1],Ligand
MolPort-020-805-746 [CC1CCCN(C(=O)CN2CCCc3cc(N)ccc32)C1],Ligand
MolPort-044-305-278 [Cc1cnc(-c2cccnc2)n1CC1CN(C(=O)CC2CCCC2)C1],Ligand
MolPort-032-498-934 [CCCOc1ccccc1-c1ccc(O)cc1C],Ligand
MolPort-029-620-390 [Nc1sc(-c2ccccc2Cl)nc1CC(=O)O],Ligand
MolPort-045-958-729 [CN(C)[C@@H]1C[C@H]2C(=O)N[C@@H](Cc3c[nH]c4ccccc34)C(=O)N2C1],Ligand
MolPort-021-379-818 [CCn1cc(NC2CCCC(C3CC3)C2)cn1],Ligand
MolPort-036-810-099 [O=C(NCCc1ccccc1)Nc1ccccc1N1CCOCC1],Ligand
MolPort-033-272-143 [CC1(C2CC2)CN(Cc2cc(F)cc(F)c2)CCN1],Ligand
MolPort-030-960-067 [CC(O)(CCC(F)(F)F)c1ccc(Br)cc1Cl],Ligand
MolPort-014-244-749 [O=C(O)C1CCCN1C(=O)c1cc(F)c(F)c(F)c1],Ligand
MolPort-012-104-537 [COc1ccc(N)cc1CN1CCCC1C(=O)N(C)C],Ligand
MolPort-032-903-078 [CCCc1nnsc1C(O)c1ccccc1Cl],Ligand
MolPort-028-535-764 [O=C(NC1CCN(c2ccccc2)CC1)C1CC1c1ccc(C(F)(F)F)cc1],Ligand
MolPort-014-994-435 [CC(Oc1ccc(CNC(C)(C)C)cc1)C(=O)NC1CC1],Ligand
MolPort-039-451-682 [CC(C)(C)n1ncnc1NC(=O)C1CC(=O)N(C2CCCC2)C1],Ligand
MolPort-046-134-427 [CC1(C)CC(NC(=O)c2nc(-c3ccccc3)ns2)CO1],Ligand
MolPort-037-629-646 [O=S(=O)(NCc1ccc(Cl)s1)c1cccs1],Ligand
MolPort-003-336-231 [CCOC(=O)N1CCC(NC(=O)c2nn(C)c(=O)c3ccccc23)CC1],Ligand
MolPort-016-216-341 [O=C(CCCc1nc2ccccc2s1)NCCN1CCCCCC1=O],Ligand
MolPort-024-150-161 [Cc1ncsc1CCOc1ccncc1CO],Ligand
MolPort-014-584-931 [CCCN(C)c1cc(CO)c2ccccc2n1],Ligand
MolPort-031-652-745 [Cc1cc(Br)cc(CO)c1OCc1nccn1C(F)F],Ligand
MolPort-013-366-943 [CCNC(=O)c1cccc(NCC2CCCN(C)C2)c1],Ligand
MolPort-030-793-633 [CCCC(N)CC(=O)NC1CCCc2occc21],Ligand
340203963 [CC(C)(Oc1ccc(F)cc1F)C(=O)NC1CCCCCC1],Ligand
MolPort-020-944-344 [CCCOc1cccc(C2=NOC(CO)C2)c1],Ligand
MolPort-009-173-824 [c1coc(-c2nc(CSC3=NCCS3)no2)c1],Ligand
MolPort-031-274-968 [CCC1(C(=O)O)CCCN1C(=O)c1cc(Cl)cn1C(C)C],Ligand
MolPort-009-062-984 [COc1cc(CNC(=O)C2CCCC2)ccc1OC1CCCC1],Ligand
MolPort-044-352-582 [O=C(c1ncccc1F)N1CC[C@@H]2CN(Cc3cccnc3)[C@@H]2C1],Ligand
MolPort-038-943-044 [Br.C=CCn1c(=N)sc2cc(S(C)(=O)=O)ccc21],Ligand
MolPort-004-235-754 [COc1ccccc1CC(=O)NC1CCSc2c(F)cccc21],Ligand
MolPort-020-361-191 [N#Cc1cccc(C=CC(=O)Nc2ccccc2)c1],Ligand
MolPort-026-540-327 [CC(C)(COc1cccc(Cl)c1)CS(N)(=O)=O],Ligand
MolPort-019-810-205 [NC(=O)c1csc(-c2cccc(C(=O)O)c2)n1],Ligand
MolPort-031-751-419 [CC[C@H](N)c1ccccc1SC1CCCC1],Ligand
324643698 [CCc1cc(N)n(-c2ccc(C)nc2C(=O)O)n1],Ligand
MolPort-040-616-653 [O=C(NCc1ccccc1Br)N1CC[C@@H](O)[C@H](C2CCCC2)C1],Ligand
MolPort-020-460-985 [C[C@H](N)c1c(F)cccc1Sc1ccncn1],Ligand
MolPort-020-027-624 [Cc1cnn(C2CCCN(C(=O)c3sccc3C#N)C2)c1],Ligand
MolPort-020-957-487 [C[C@@H](N)c1ccc(-n2cc(C(F)(F)F)cn2)c(Br)c1],Ligand
MolPort-031-042-245 [CC(C)NC(=O)c1cccc(NC2CCN3CCCC23)c1],Ligand
MolPort-010-164-571 [CCOc1ccc(C2CCCN2C(=O)NC(C)CN2CCOCC2)cc1],Ligand
MolPort-022-607-778 [Cc1c(CNC(C)C)cnn1-c1cc(Cl)ccc1Cl],Ligand
MolPort-039-571-560 [Cc1nc(C)c(S(=O)(=O)NC2CCCN(c3ccnn3C)C2=O)s1],Ligand
344141788 [Cc1cc(NC(=O)c2ccccc2OC(C)(C)C)cnc1N1CCCC1],Ligand
187595349 [CCc1ccc(C(C)NC(=O)COc2ccc(C)cc2C)cc1],Ligand
MolPort-021-633-410 [CCC1CN(Cc2ccccc2Br)C(C2CC2)CN1],Ligand
MolPort-023-766-047 [CC(C)CCN(c1cc(N)ncn1)C1CCCC1],Ligand
MolPort-045-743-806 [N#Cc1cc(Cl)ccc1NC(=O)CC1CCOC1],Ligand
MolPort-041-097-606 [CN(C)Cc1cccc(NC(=O)C2CC23CCNCC3)c1.Cl.Cl],Ligand
MolPort-007-790-965 [CC(=O)Nc1nc2c(C)cc(NC(=O)C3CCC3)cc2s1],Ligand
324117806 [Cl.N[C@@H]1CN(C(=O)Cc2cccc3c2OCCO3)C[C@H]1C1CC1],Ligand
MolPort-041-049-822 [Cl.NC1CCC2CN(C(=O)C(O)c3ccccc3)CC12],Ligand
MolPort-039-615-152 [O=S(=O)(NC1CCC2(CC1)CC2)c1cncc(F)c1],Ligand
MolPort-034-417-033 [CCNC(Cc1cncs1)C1(OCC)CCC(C)CC1],Ligand
MolPort-042-507-056 [Cc1cc(C)n(-c2ccccc2NC(=O)N2CCCC(C(=O)O)C2)n1],Ligand
MolPort-037-758-150 [CCc1cc(C2(C(=O)O)CC2)cc(Cl)c1OC],Ligand
330818285 [CS(=O)(=O)c1nn(Cc2cccc(F)c2F)c(N)c1C(=O)O],Ligand
MolPort-040-086-441 [CC(C)(C)c1nc(CN2CCN(C(=O)c3ccnc(C4CC4)c3)CC2)no1],Ligand
MolPort-041-678-891 [O=C(NC1(C(=O)O)CCCC1)c1nn(-c2ccccc2F)c2c1CCC2],Ligand
MolPort-034-082-016 [CC(O)CCN(C)c1cc(Br)ncn1],Ligand
MolPort-003-794-561 [Cl.O=C(O)[C@]1(C/C=C/c2ccccc2)CCCN1],Ligand
MolPort-038-334-756 [CN1CCN(Cc2cnc3cccc(N)n23)CC1],Ligand
MolPort-029-414-021 [CCn1nc(C(=O)O)c2c1CCN(c1cccc(C)c1)C2],Ligand
MolPort-025-493-837 [CCNc1nc(-c2cc(Cl)cs2)ncc1Br],Ligand
MolPort-013-655-619 [CCNC1C(=O)N(CC2CCCC2)c2c(Cl)cccc21],Ligand
MolPort-031-391-725 [CC(NC1CCOC1C)c1occc1Br],Ligand
336595856 [CN1[C@@H]2CCC[C@H]1C[C@@H](NCc1ccc(Cl)o1)C2],Ligand
MolPort-040-626-690 [CC1CC(O)CN(C(=O)NCC(c2cccs2)N2CCOCC2)C1],Ligand
MolPort-028-225-637 [Cc1ccc(CN2CC(C(=O)N3CCC4(CC3)OCCO4)CC2=O)cc1],Ligand
MolPort-034-162-490 [CCCc1cccc(C(N)Cc2ccc(F)cc2)c1],Ligand
MolPort-013-452-759 [CCN(Cc1ccncc1)c1ccc(C(C)N)cc1Br],Ligand
MolPort-027-653-789 [CC(C)(C)c1csc(CCNC(=O)C2CC2)n1],Ligand
MolPort-011-531-632 [CCCS(=O)(=O)Nc1sc2c(c1C(=O)O)CCC2],Ligand
MolPort-046-271-803 [COC1(Cc2ccc(F)cc2F)CCNCC1],Ligand
MolPort-012-270-146 [Cc1ccc(CN(C)C(=O)NC2(C(=O)O)CCCCC2)o1],Ligand
MolPort-013-307-669 [Cc1cccc(OC(C)C(=O)N2CC(O)CC2C(=O)O)c1],Ligand
MolPort-046-668-400 [O=C(ON1C(=O)c2ccccc2C1=O)c1ccc2c(c1)C(=O)NC2],Ligand
MolPort-009-572-786 [CCC(CC)C(=O)NCc1cccnc1N1CCCCC1],Ligand
MolPort-029-687-190 [COc1ccc(N(C)CC2CCCCN2)nc1],Ligand
O00519,Target
