Ligand,O00519
MolPort-000-000-372 [Cl.Cl.NC1CCCN(Cc2ccccc2)C1],0.14059372
MolPort-044-539-075 [CCC(NC(=O)c1ccn(C)n1)(C1CC1)C1CC1],0.38155916
MolPort-012-414-567 [CC(N(C)C(=O)N1CCN(CC(=O)O)CC1)C(C)(C)C],0.21948557
MolPort-012-760-273 [NCc1cc2ccccc2c(OCC(F)(F)F)n1],0.6127371
MolPort-031-300-409 [Cc1nn(C)cc1C(CN)N1CCN(C)C(C)C1],0.19713597
MolPort-014-769-050 [CCc1nc(N(CC)C(C)C)sc1CO],0.20383012
MolPort-031-539-410 [CCCn1ncnc1CC1(F)CC2CCC(C1)N2],0.33877838
MolPort-011-773-824 [O=C(Cc1cccc(O)c1)N1CCCCC1CCCl],0.43229485
MolPort-025-783-062 [CCN(CC1CCNCC1)C1CCC(C)CC1C],0.07326983
MolPort-020-302-179 [CS(=O)(=O)c1cn[nH]c1C1CCN(Cc2cccc(Cl)c2)C1],0.27261746
MolPort-029-210-696 [COc1ccc2c(c1)CC(C(C)C(=O)O)CC2],0.73867446
MolPort-027-618-619 [Cc1ccc(O)c(CNC(C)Cc2ccsc2)n1],0.03309034
MolPort-005-634-126 [Cc1cccc(NC(=O)CN2CCN(Cc3ccsc3)CC2)c1C],0.011456143
MolPort-005-141-204 [CC(C)CC(=O)Nc1ccnn1C1CCN(C(=O)CC(F)(F)F)CC1],0.16448309
MolPort-020-867-987 [Nc1ncccc1C(O)c1ccc(Cl)cc1],0.3017799
MolPort-034-381-067 [CC1CCCC(n2cc(CC(N)C(=O)O)nn2)C1],0.5611349
MolPort-041-101-100 [CCOc1ccc(CN(C)C(=O)CC2COCCN2)cc1.Cl],0.39206663
MolPort-021-673-189 [Cc1ccc(C)c(CN2CC(=O)NC(C3CC3)C2=O)c1],0.032352604
324641708 [Cc1ccnc(Cl)c1-n1nc(C2CCC2)c(Cl)c1N],0.7934046
MolPort-043-461-975 [CC(C)CNc1nncc(N2CCN(C(=O)c3ccco3)CC2)n1],0.742223
MolPort-024-953-691 [CCOc1ncnc(OCC2(N)CCCCCC2)c1C],0.882186
Z3056513701 [CC(C)Oc1ccc2c(c1)CCCN2C(=O)C1CCCC(=O)N1],0.25517684
MolPort-022-337-487 [Cc1cccc(CNC[C@H](C)c2ccccc2)c1F],0.005375339
MolPort-031-823-330 [Nc1cccc(C(=O)Nc2ccc3c(c2)OCO3)c1Br],0.008743853
MolPort-013-872-789 [O=S1(=O)N=C(N2CCCC2CNC2CC2)c2ccccc21],0.17974865
MolPort-014-747-863 [Cn1cc(CNCC(c2ccccc2)N2CCCC2)nn1],0.14239264
MolPort-020-603-156 [CNC(Cc1ccc(OC)cc1)CC(C)C(C)(C)C],0.6232785
MolPort-000-308-827 [O=C1CS/C(=N/S(=O)(=O)c2ccccc2)N1Cc1ccccc1],0.11728847
MolPort-034-457-364 [Cc1nc(Oc2cnn(C(C)C)c2)ncc1CN],0.73329806
330853610 [COc1cc(-n2nc(C3CCOC3)c(C#N)c2Br)cc(C)n1],0.6907435
MolPort-030-465-162 [CN(CC1CC2CCC1C2)c1ccc(N)c(C#N)c1],0.12111676
MolPort-029-525-326 [CC(C)(C)OC(=O)N1CCC(N)(Cc2ccccc2)C1],0.482272
MolPort-012-321-903 [CCCNc1cc(C)nc2c(C)ccc(C)c12],0.3662832
MolPort-003-308-324 [CN(C)Cc1ccccc1CNC(=O)c1ccc(N2CCCCC2=O)cc1],0.07014647
MolPort-026-259-950 [CCC1(CC)CCN(C(=O)c2cnc(N)c(Cl)c2)C1],0.8245464
MolPort-004-218-259 [Cc1ccc(C(=O)NNC(=O)Cn2ccccc2=O)c(C)c1],0.012125389
MolPort-038-277-352 [COc1ccc2c(c1)CC(CC(C)(C)C(=O)O)S2(=O)=O],0.963044
MolPort-042-036-573 [CNCC1CCN(C(=O)c2cccc(OCC3CCCO3)c2)C1.Cl],0.5017486
MolPort-040-858-959 [N#CC1(CS(=O)(=O)N2CC[C@@H](O)[C@H]2c2ccc(Cl)cc2)CC1],0.72941905
MolPort-034-816-849 [Cc1cn(-c2ncccc2S(C)(=O)=O)nc1N],0.75779915
MolPort-000-226-642 [Cc1sc(NC(=O)c2ccco2)c(CN2CCOCC2)c1C],0.14676549
MolPort-014-555-851 [COc1ccc(C(N)Cn2cnc(C)cc2=O)c(OC)c1],0.19563569
MolPort-042-878-622 [CC1(C)CC(NC(=O)N2CCN(C3CCC3)CC2)CCO1],0.6519987
MolPort-030-029-730 [CC(CNC(=O)Nc1ccc(Br)cn1)c1nccs1],0.18437399
MolPort-040-649-531 [O=C1CC2(CCCCC2)N(Cc2coc(-c3cccc(F)c3)n2)N1],0.14026065
MolPort-013-260-328 [CN1CCC(N(C)c2ccc(C(F)(F)F)cc2C#N)CC1],0.62114644
MolPort-045-164-241 [CCC(CC)C(=O)N1CCC(NC(=O)c2ccc(CN)cc2)CC1],0.20915379
MolPort-007-327-482 [CC1CCCN(S(=O)(=O)NC(c2cccc(F)c2)c2nccn2C)C1],0.7093408
MolPort-042-852-647 [O=C(c1ocnc1C1CC1)N1CCC2(CCCCC2)C1],0.39963794
MolPort-037-834-449 [CCc1c(CCCC(=O)O)c(Cl)cc(OC)c1OC],0.51541
MolPort-009-267-080 [CC(C)C(C)(C#N)NC(=O)CN(Cc1ccccc1)C1CC1],0.10801671
MolPort-008-364-181 [O=C(Nc1ccccc1Cl)N1CCC(n2cc(CCO)nn2)CC1],0.5446405
MolPort-039-278-559 [O=C(NC1(C(=O)O)CC1)c1ccc(N2CCCCC2=O)cc1],0.11545366
MolPort-042-051-279 [Cl.O=C(Cc1ccc2c(c1)OCO2)N1CCC(NCC2CC2)CC1],0.038124755
MolPort-030-285-699 [Cc1cn2c(CC(=O)NCC3(CO)CCCC3)csc2n1],0.18495013
MolPort-012-480-371 [CC(C)C(C#N)C(=O)Nc1ccc(S(N)(=O)=O)cc1],0.06438882
MolPort-029-829-993 [COc1ccc(C(CN)C2CCC(C(C)(C)C)CC2)c(C)c1],0.71891886
MolPort-025-911-806 [Cc1nc(CC2(N)CCCCC2(C)C)cs1],0.7727697
MolPort-032-372-565 [CCC1CN(c2cncc(NC)c2)CCN1C],0.780231
MolPort-008-804-665 [COc1ccc(C(O)CNc2c(C)cc(C)cc2C)cc1C],0.08137203
MolPort-006-344-848 [NC(=O)c1ccccc1NC(=O)C1CCCN(Cc2ccc(F)cc2)C1],0.09573189
MolPort-037-701-877 [Cn1ccn(-c2ccc(C(C)(C)O)cc2)c1=O],0.11594245
MolPort-023-636-211 [CCCNc1nc(C)nc2c1cnn2C(C)C1CC1],0.6706254
MolPort-025-529-461 [CCC(C)C(CNCC(C)C)c1ccc2c(c1)OCCO2],0.108169235
MolPort-012-128-211 [CCOc1ccc(S(=O)(=O)NC2CC(N)C2)cc1C],0.7080229
MolPort-020-682-878 [CNC(C#N)(COc1ccc2c(c1)CCC2)C1CC1],0.94496036
MolPort-038-577-406 [COc1cccc(F)c1C(=O)NCC(O)CC(C)(C)C],0.2637822
MolPort-046-326-341 [Fc1ccc(C2COCCN2)cc1Br],0.17249377
MolPort-042-662-004 [COc1cc(=O)n2c(c1C(=O)NCC1CCCO1)CCCCC2],0.1991129
MolPort-039-231-483 [CNc1nc(C)cc(C(=O)N2CC(c3ccccc3C)OCC2C)n1],0.07983678
MolPort-008-682-498 [Cc1ccc(-c2nc(C)c(CC(=O)O)s2)c(C)c1],0.1835034
MolPort-031-354-879 [CC(C)(C)C(Cc1ccc(Cl)nc1)C(=O)O],0.38171354
MolPort-037-173-658 [COc1cc2c(cc1OC)CN(C(=O)Cc1cc(C)[nH]c1C)CC2],0.06289162
MolPort-024-241-383 [CCN(CC1CCNCC1)C(=O)C1CCC(C)O1],0.022749556
MolPort-020-939-619 [Cc1cc(OCCOc2ccccc2F)c(C(=O)O)s1],0.25601318
MolPort-029-507-838 [COc1ccc2c(CN)c(C(C)C)[nH]c2c1],0.19825815
MolPort-032-424-561 [Cc1csc(C(C)CNCc2cccs2)n1],0.11616492
MolPort-039-952-928 [CN1CN(C(=O)NCC2(c3ccc(Br)s3)CCC2)CC1=O],0.5453511
MolPort-042-758-309 [CC1CN(C(=O)NC2CCOc3ccccc32)CCCO1],0.33242396
MolPort-023-063-133 [Cc1ccc(C(O)C(=O)Nc2cccc(C)c2C)cc1],0.009737499
MolPort-034-458-338 [CCCn1cc(Oc2cnc(C(=O)O)cn2)cn1],0.3735108
MolPort-040-252-235 [CC(C(=O)NCc1nc2cc(Br)ccc2o1)C1CCOCC1],0.5664697
MolPort-028-650-851 [Cl.N[C@@H](CO)c1cc2c(cc1Br)OCO2],0.024150841
MolPort-023-128-558 [O=C(O)c1cnc(-c2cccnc2)nc1NC1CC1],0.13958415
MolPort-039-972-216 [Cc1nc(C2CCCN(C(=O)COc3ccc4c(c3)CCC(=O)N4)C2)n[nH]1],0.531209
MolPort-014-865-499 [Cc1ccc(N(C)S(=O)(=O)c2ccc(CN)s2)c(C)c1],0.22879161
MolPort-035-344-221 [CCC1(NCc2ccc(OC)c(O)c2)CCC1],0.29590616
MolPort-013-176-602 [CC(C)NCc1nnc(CCC2CCCC2)o1],0.5383195
MolPort-026-681-407 [Cc1cc(C(N)CSC2CCCCC2)cs1],0.17981477
MolPort-008-739-629 [Cc1csc(C(C)NC(=O)CCBr)n1],0.204724
MolPort-045-401-388 [CNC(C)Cc1noc(CCC2CCOCC2)n1],0.19739848
MolPort-037-828-771 [COc1cc(C)c(C2(CN)CC2)c(C)c1Br],0.6222486
MolPort-022-963-379 [CC(C)Oc1ccccc1Nc1ccc(F)cc1CCN],0.21903457
MolPort-002-085-350 [COc1cc(OC)c(NC(=O)Cc2ccccc2)cc1Cl],0.23106277
MolPort-030-830-181 [CC(CN)CCC(=O)N(C)C(C)c1ccc(Cl)cc1],0.1129905
43281027 [CC(=O)N[C@]1(C)C[C@H](c2ccc(F)c(Cl)c2)O[C@@H]2C[C@H](C)CC[C@H]21],0.39810768
330092091 [Cc1ccc(C(n2nc(C(F)F)c(CN)c2N)C2(C)CC2)c(C)c1],0.4134233
MolPort-043-291-212 [COc1ccccc1N1CCN(C(=O)CN2CCCc3ccccc32)CC1],0.6440144
MolPort-020-579-955 [Cc1nn(C)c(Sc2ccc(Br)cc2)c1CNC1CC1],0.8190591
MolPort-026-196-340 [CNC(C)(C#N)CC(C)SCc1cc(C)cc(C)c1],0.13969766
331148307 [CCc1c(C)n[nH]c1NC(=O)c1ccc(Cl)s1],0.02084741
MolPort-039-504-238 [COCC1(O)CCN(C(=O)C2CCCN2C2CCCC2)CC1],0.90269613
MolPort-014-864-932 [COc1cccc(N(C)C(=O)c2cccc(Br)c2)c1],0.498484
MolPort-023-284-899 [CCN(CC1CCCCN1Cc1ccccc1)C(=O)[C@H](C)N],0.10639504
MolPort-013-901-686 [CCN(Cc1ccncc1)CC1CCCCC1N],0.5563581
MolPort-040-146-961 [CC1CC(C(=O)Nc2cccc(C(=O)N3CCCCC3)c2)CCC1=O],0.0637557
MolPort-045-700-876 [O=C(NC1CC(O)C1n1cccn1)c1cc2n(n1)CCCC2],0.3165989
MolPort-023-518-452 [O=C(NCC1CCCCS1)c1cncc(C#CCO)c1],0.358219
MolPort-009-510-666 [CC(NC(=O)Cc1ccc(Cl)cc1)C1CC2CCC1C2],0.29649302
MolPort-023-675-453 [CCc1c(NC)ncnc1Nc1cccc(Cl)c1C],0.8309479
MolPort-023-619-220 [Cc1nc(CN(C)C(=O)CCc2cccc(N)c2)cs1],0.72946095
MolPort-033-603-938 [COCC(C)(C)n1nnnc1-c1cc(Cl)ccc1N],0.7399805
MolPort-014-321-573 [NCc1cccc(NC(=O)c2ccc(Cl)c(Cl)c2)c1],0.088629685
MolPort-009-588-574 [COCCN1CCCC(CNS(=O)(=O)c2ccc(C)cc2)C1],0.60735804
MolPort-026-119-866 [O=C(O)c1ccc(CN2C(=O)C(=O)c3cccc(F)c32)o1],0.05113631
MolPort-016-667-881 [CS(=O)(=O)c1cccnc1C1CCN(C(=O)C2CCCC2)CC1],0.90068907
MolPort-004-222-838 [O=C1CCc2cc(C(=O)Nc3cc4c(cc3Cl)OCCCO4)ccc2N1],0.020446217
MolPort-013-306-585 [CSc1ccc(C)c(C(=O)N2CCCCC2C(=O)O)c1],0.24297719
MolPort-030-089-512 [C[C@@H](CO)NCc1cnc(C(C)(C)C)s1],0.25560376
MolPort-011-501-538 [Cc1ccsc1CNC(C)c1ccc(Cl)s1],0.047601536
MolPort-033-432-218 [CN1CCOC(CNCC2CCC(C(C)(C)C)CC2)C1],0.28811854
MolPort-034-196-411 [CC(C)(N)C(C)(C)C(=O)c1cccc2cccnc12],0.14018808
MolPort-028-410-140 [CC(=O)N1CCc2cc(NC(=O)C3CCOCC3)ccc21],0.06918273
313168310 [CCOc1cc(S(N)(=O)=O)cc(C(F)(F)F)c1Br],0.7895937
MolPort-025-429-951 [CCn1c(CNCC2C(C)(C)C2(C)C)nc2ccccc21],0.80774236
MolPort-039-696-314 [c1cc2c(cc1Cc1nc([C@H]3CN4CCCCC4CO3)no1)OCCO2],0.51997274
MolPort-043-567-436 [Cc1cccc(CNc2ccc(NC(=O)C3CCC3)nn2)c1],0.37734053
MolPort-026-760-003 [CCCC(CNC(=O)c1ccc2c(c1)CCO2)C(=O)O],0.033777673
MolPort-042-828-501 [Cc1c(Cl)c(CN2CCC3(CCOCC3)CC2)nn1C],0.20401444
MolPort-013-015-202 [COC(=O)CCC(N)c1ccc(Oc2ccccc2)cc1],0.07491517
MolPort-028-999-305 [Cc1cc(Br)cc2c1nc(CC1CCCNC1)n2C],0.56391174
MolPort-040-592-046 [CC(C)c1ncsc1NC(=O)N[C@@H]1CCCN(S(=O)(=O)C2CC2)C1],0.5841474
MolPort-034-460-227 [CCn1cc(OC2CC(O)C23CCCCCC3)cn1],0.8070337
MolPort-040-191-619 [CCC(NC(=O)c1cnn(C2CCOCC2)c1C)c1nccs1],0.031990778
MolPort-033-536-909 [CC1CC(Nc2ncccc2OC(C)C)C1],0.36681724
MolPort-021-537-056 [CC1CCC(Sc2nnnn2-c2ccc(O)cc2)CC1],0.3554835
MolPort-002-789-800 [CC(=O)n1c(C)c(C)n(S(=O)(=O)c2ccc(C)cc2)c1=O],0.12870753
MolPort-035-377-660 [CC(=O)c1cc(CN2CCCC(c3nc(C)n[nH]3)C2)n(C)c1],0.041088656
MolPort-039-895-547 [O=C(CCN1CCOC2(CCOC2)C1)Nc1c(Cl)cccc1Cl],0.23482321
MolPort-040-001-122 [COc1cccc(C2CCCN2Cc2nn(C)c(=O)[nH]2)c1],0.3633488
MolPort-029-624-512 [CC(=O)C(C)n1cc(C#N)c2cc3c(cc21)OCO3],0.17703776
MolPort-012-324-583 [CCNCC1(CN2c3ccccc3CCC2C)CCCC1],0.073789544
MolPort-046-123-062 [C[C@@H]1OCCO[C@@H]1c1nc(COc2ccccc2F)no1],0.6526435
MolPort-000-294-532 [Cc1ccc(N2C(=O)SC(Nc3ccc(C)c(C)c3)C2=O)cc1],0.08621433
MolPort-035-185-655 [Cc1ccncc1-c1nc(C)c2c(n1)CCNC2],0.061444398
MolPort-027-608-275 [O=C1CN(C(=O)Cc2ccc3ccccc3c2)CCCN1],0.3544036
MolPort-031-654-584 [COC1CCN(Cc2cccs2)C(CN)C1],0.2811294
MolPort-010-681-865 [CN(C)CCNS(=O)(=O)c1cc(C(=O)N2CCCC2)cs1],0.36854315
MolPort-037-016-061 [O=C(NCCCC1CCOCC1)c1ccc(Br)cc1],0.2087456
MolPort-035-039-367 [Nc1cccc(Cn2cccc(Br)c2=O)c1C(=O)O],0.015931027
MolPort-043-527-575 [Cc1ccc(S(=O)(=O)NCC(=O)Nc2ccc(F)c(F)c2)c(C)c1],0.24327631
MolPort-013-178-693 [CCCNC(C)c1nnc(COc2ccc(Cl)cc2)o1],0.9724839
MolPort-040-757-461 [O=C(NCc1ccc2ccccc2n1)N1CCC2(CCNCC2)CC1],0.14609078
MolPort-031-934-786 [CCNCc1cc(C)nc(Oc2ccc(C)cc2C)c1],0.49917233
MolPort-008-803-778 [COc1ccc(Cl)cc1N1CCN(C(=O)C(=O)O)CC1],0.7811716
MolPort-026-659-845 [CC1CCC(O)(CNC(=O)c2cnns2)CC1],0.26693872
MolPort-040-479-170 [Cc1cc(C)cc(OCCC(=O)N2CCN3C(=O)NC(=O)C3C2)c1],0.39199653
MolPort-040-477-259 [Cc1ccc(C(=O)N2CCOC(COCC3CC3)C2)c(C)n1],0.082861185
MolPort-040-150-146 [Cc1ccc(S(=O)(=O)N[C@@H]2CC(=O)N(C3CC3)[C@H]2c2ccnn2C)cc1F],0.7326832
MolPort-023-131-706 [CC1C(=O)Nc2ccc(C(O)c3ccccc3Cl)cc21],0.020901563
MolPort-045-227-121 [O=C(Nc1cccc(CC(F)(F)F)c1)C1CCNC1],0.02329787
MolPort-040-060-764 [O=C(NC[C@H]1CCCC[C@H]1C(F)(F)F)c1noc2c1CCCCC2],0.2528931
324456884 [CCc1cc(Br)n(C(C)c2ccc(C)c(F)c2)n1],0.78814405
MolPort-028-679-278 [Cl.N#Cc1c(F)ccc([C@H](N)C2CCCCC2)c1O],0.2810609
MolPort-024-526-591 [COc1ccc(C)cc1C(N)C1C2CCCC21],0.3724642
MolPort-041-479-448 [Cc1cn(-c2ccccc2Cl)nc1C(=O)NC1CCC(C(=O)O)CC1],0.5029454
MolPort-046-637-582 [CC1(C(=O)O)CCN(C(=O)N[C@H]2C[C@H](c3cc(F)cc(F)c3)C2)C1],0.19591092
MolPort-011-759-043 [C[C@@H](O)c1ccc(Oc2ccc(Br)cc2)c(F)c1],0.7289057
MolPort-024-271-522 [Cc1cccc([C@H](C)NCc2ccc(C(=O)O)cc2)c1],0.007921771
MolPort-022-256-181 [CC1COCC(c2ccc(SC(C)C)cc2)N1],0.104884565
MolPort-015-026-492 [CSCCC(=O)N(C)Cc1cccc(Br)c1],0.08914428
MolPort-020-347-610 [NC(=O)NC(C(=O)N1CCCCC1)c1ccccc1],0.12380609
MolPort-011-442-061 [CC(C)CNC(C(=O)O)c1cccc(Cl)c1Cl],0.14650767
MolPort-030-318-336 [CCNc1cc(COC)nc(C2SCCSC2CC)n1],0.66991895
MolPort-022-776-787 [CCCc1oc2c(c1-c1n[nH]c(=S)n1CC)CC(C)CC2],0.06320268
MolPort-023-661-769 [COc1ncc(Cl)c(N2C3CCC2CC(O)C3)n1],0.9127352
MolPort-005-281-921 [COC(=O)c1sccc1S(=O)(=O)Nc1cc(C)ccc1C],0.18380308
MolPort-022-129-371 [NCCCCc1c(Cl)ccc2cnccc12],0.899401
MolPort-012-964-172 [CCc1ccc(C(=O)NC2CCC(C(=O)O)CC2)o1],0.10788698
MolPort-034-498-243 [CNCc1ncnn1Cc1ccc(F)cc1C],0.46766344
MolPort-035-839-740 [COc1ccc(NC(=O)C2COCCN2C(=O)OC(C)(C)C)cc1F],0.31724805
MolPort-027-678-095 [CC(CNC(=O)N1CCN(C(C)C(F)(F)F)CC1)Cn1cccn1],0.651124
MolPort-015-152-911 [COc1cc(-c2cc(O)cc(F)c2)ccc1C(=O)O],0.16120954
MolPort-040-574-752 [CC(Cn1cncn1)NC(=O)N1C[C@H]2CCCC[C@H]2C1],0.24652791
MolPort-007-698-698 [CC(=O)NC1=NN(C(C)=O)C(c2ccc(-c3cccc(C(=O)O)c3)o2)S1],0.11043387
313811229 [CC1CC(C(=O)N2CCC3(CC(=O)N(c4ccc(C#N)cc4)C3)C2)C1],0.04001546
MolPort-024-171-234 [O=C(Nc1cc(Cl)ccc1Cl)n1ccnc1],0.53133446
MolPort-014-479-162 [CC(C)CC(C)Nc1cc(-n2cnnn2)ccc1F],0.32590404
MolPort-037-720-545 [CC(C)(O)c1ccc(C2CCOC2)c(Cl)c1],0.19909137
MolPort-012-295-246 [CCC1CCc2nc3cc(F)c(Br)cc3c(C(=O)O)c2C1],0.42091382
MolPort-028-305-727 [COC(=O)NCC(=O)N(C)C1c2ccccc2-c2ccccc21],0.24229258
MolPort-027-273-492 [Cc1n[nH]c(S(=O)(=O)N(C)C2CCSC2)c1CO],0.040673103
MolPort-022-395-211 [Cc1cccc(-c2nc(CN)c(Cl)s2)c1],0.3256
MolPort-037-070-171 [CC(C)N(Cc1ccccc1)C(=O)C(=O)Nc1cccc(Br)c1],0.04610868
MolPort-033-382-718 [Cc1ccc(C)c(C(C)NCc2cncc(Br)c2)c1],0.33571717
MolPort-041-346-819 [COC1(C)CC(N(C)C(=O)CCC2CCNC2)C1(C)C.Cl],0.12615766
MolPort-011-699-545 [Cc1cc(NS(=O)(=O)c2ccc(CCN)cc2)no1],0.52966684
MolPort-031-765-211 [CSCCC1Nc2c(cnc3ccccc23)NC1=O],0.08820475
MolPort-026-501-886 [Cc1ccc(N2CC(=O)NC(CC(C)C)C2=O)c(Cl)c1],0.088636704
MolPort-026-801-915 [CC(C)(N)C(C)(C)c1nc(-c2ccc(F)cc2)no1],0.6091146
313329722 [COC(=O)c1c(CO)ccc(Br)c1C],0.19900537
340205714 [CC(C)(Oc1ccc(F)c(F)c1)C(=O)Nc1ccc(F)cc1],0.57474273
MolPort-045-737-604 [CN(C)C(CNc1ccc(C#N)cc1CO)c1ccco1],0.01857649
MolPort-008-283-559 [OC(CN1CCN(c2ccccc2F)CC1)c1ccc2c(c1)OCCCO2],0.49395475
MolPort-007-029-571 [CC(OC(=O)c1c(F)cccc1Cl)C(=O)NC(=O)NC(C)(C)C],0.4771495
MolPort-021-345-575 [O=C(O)C(CS(=O)C1CCCCC1)c1ccccc1],0.037617225
MolPort-012-439-345 [Cc1ccc(C(C)C)c(OC(CN)c2ccccc2Cl)c1],0.29422933
MolPort-021-220-256 [O=c1cc(CNC2CC2)nc(CC(F)(F)F)[nH]1],0.009256826
MolPort-019-680-949 [Cc1ccc(NC(=O)CN(C)S(=O)(=O)N2CCCCC2C)nc1],0.59408754
MolPort-025-770-560 [COc1cc(C(N)c2cc(C)cc(F)c2)cc(Cl)c1OC],0.49751934
MolPort-020-713-276 [OC(c1ccc(SC(F)(F)F)cc1)C1CCOCC1],0.11196908
MolPort-021-178-506 [O=C(Nc1cnccc1C(=O)O)c1cc(F)cc(F)c1],0.0306961
MolPort-035-206-114 [CCC[C@@H](O)c1cc(Br)ccc1F],0.28383812
MolPort-034-547-167 [CNCc1sc(C2CC2C)nc1COC],0.62901336
MolPort-011-539-309 [COc1ccc(CN(C)CC2(C(=O)O)CCOCC2)cc1],0.31191015
MolPort-038-391-417 [COC[C@@H]1[C@H](NC(=O)c2cccnc2)[C@@H]2CCO[C@H]12],0.45312986
MolPort-031-151-961 [CNC1C(=O)Nc2cc(OCCC(F)(F)F)ccc21],0.15137766
324311788 [CCCc1c(C(=O)NCC)cnn1-c1cccc(OC)c1O],0.16395806
MolPort-038-605-819 [CCN(CC)c1ccc(CNCC2(C)CCOCC2)cc1],0.095296495
MolPort-037-801-721 [COc1c(C2(N)CCC2)cc(F)c(SC)c1OC],0.7201702
MolPort-026-204-201 [CCNc1ncc(C)c(-c2ccc(C(F)(F)F)cc2)n1],0.9533127
MolPort-024-491-502 [CC1(Nc2cccnc2C#N)CCS(=O)(=O)C1],0.62564635
Z2407897641 [N#CC1CCC(NC(=O)c2cc(Cl)nc(Cl)c2)C1],0.22711706
MolPort-038-667-235 [Cc1nn(C)c(C)c1S(=O)(=O)N1CCC(C)C1C(=O)O],0.46063825
MolPort-012-740-552 [CC(C)CCN(C)Cc1oc2ccccc2c1C(=O)O],0.0053595454
MolPort-007-774-005 [Cc1oc2ncnc(N3CCOCC3)c2c1C(=O)NC(C)C],0.8893598
MolPort-040-952-059 [Cl.NCC1CCCN1Cc1cccc(C(N)=O)c1],0.46976516
MolPort-027-387-696 [CCn1nc(CNC2CCC(C)C(C)C2)c2ccccc21],0.32658145
MolPort-016-021-020 [Cc1cccc(NC(=O)N2CCN(C(=O)C(C)Oc3ccccc3)CC2)c1],0.20916714
MolPort-009-559-386 [O=C(NC1CCCN(c2ncccn2)C1)c1ccncc1],0.8312173
MolPort-041-000-556 [CC1CN(C(=O)Cc2c(F)cccc2Cl)CC1N],0.6116694
MolPort-011-908-508 [O=C(O)c1ccc(Nc2ccc(Cl)cc2C(F)(F)F)nn1],0.2429356
MolPort-035-229-073 [COC(=O)c1scc(C)c1NC(=O)c1cncc(F)c1],0.78881866
MolPort-037-212-866 [COc1ccc(CC(=O)N2CCN(C(=O)NC(C)(C)C)CC2)cc1],0.7836731
MolPort-023-774-481 [CC1CCCC(Oc2nc(N)nc(-n3cncn3)n2)C1],0.79806405
MolPort-003-752-988 [CNCC1CCCN(CCCc2ccc(C)cc2)C1],0.29357705
MolPort-042-084-647 [Cc1ccc(NC(=O)C2CCC(N)C2)cc1N1CCCS1(=O)=O.Cl],0.19118063
MolPort-002-504-787 [Cc1cc(C)c(N2CCN(C(=O)CCOc3ccccc3O)CC2)cc1C],0.711329
MolPort-026-300-063 [CCCNC(Cc1nccs1)c1cscc1C],0.14991964
MolPort-001-028-555 [COc1ccc(CNc2ccc(OC)cc2)cc1],0.5492762
MolPort-032-239-567 [CC(C(=O)N1CCCCC1)n1cnc2c1CCNC2],0.14070584
MolPort-014-848-055 [CCN(CC)CC(C)N1Cc2ccccc2C1=N],0.040682044
MolPort-033-269-265 [CC(N)Cc1cccc(F)c1OCc1cc(F)cc(F)c1],0.40686765
MolPort-027-207-919 [OC(CNc1c(F)cc(F)cc1F)c1ccccc1Cl],0.24105175
MolPort-024-994-172 [CCC(CC)(CNC)CC1Cc2cc(F)ccc2O1],0.49354455
MolPort-014-402-769 [Cc1ccc(OCc2ccccc2Cl)c(CO)c1],0.26178443
MolPort-014-370-688 [NC(=S)c1cc(F)ccc1COc1c(Cl)cccc1Cl],0.16511011
MolPort-012-783-239 [Cc1nn(CC(=O)OC2CCC(C)CC2)c(C)c1N],0.45452848
MolPort-008-907-856 [Cc1cccc(-c2nc(CCC(=O)N3CCCCCC3)cs2)c1],0.61912674
MolPort-016-569-893 [Cc1ncsc1CN(C)c1cc(CO)ccn1],0.46443248
MolPort-035-151-135 [O=C(O)CN(Cc1ccc(Cl)cc1F)C1CC1],0.2810255
MolPort-019-679-832 [COc1c(C)cc(CN(C)Cc2csc(NC(C)=O)n2)cc1C],0.47141495
MolPort-036-873-335 [CC(C)(Cc1cc(Cl)cc(C(F)(F)F)c1)C(=O)O],0.29877663
MolPort-029-918-525 [CC(C)OCc1cccc(NC(=O)N2CCCCC2c2cn[nH]c2)c1],0.13212477
MolPort-035-150-696 [CCNCc1cc(Cl)ccc1N(C)c1ccccc1C],0.05379729
MolPort-033-426-915 [COCc1ccccc1NC(=O)c1ccncc1F],0.25672206
MolPort-030-638-692 [O=C(O)CC1CCCN(c2ccc(C(F)(F)F)nn2)C1],0.7980666
MolPort-031-133-404 [CC(CN(C)C)Nc1cc(Cl)ccc1C#N],0.15392676
MolPort-040-341-412 [CC(NC(=O)CCn1nc2ccccn2c1=O)C1CC2CCC1C2],0.077485956
MolPort-031-210-506 [Cc1ncsc1C(C)NN1CCN(C)CC1],0.16716887
MolPort-039-777-601 [COCCn1cc2c(n1)C(NC(=O)N1CCOC(c3cnn(C)c3)C1)CCC2],0.6740577
MolPort-038-512-191 [COc1cccc(CNC2CCN(C(=O)OC(C)(C)C)C2)c1],0.48844013
MolPort-031-305-766 [CCc1nnc(N2CCOCC2C(N)=O)c(C#N)c1CC],0.43258
MolPort-030-585-863 [Cc1ccc2c(c1)C(Nc1cc3c(cc1Cl)OCO3)CC2],0.16818213
MolPort-021-664-862 [CCC1NC(=O)C(CC)N(Cc2ncccn2)C1=O],0.10272127
MolPort-006-573-683 [CC1C(=O)N(c2ccc(F)cc2)CCN1Cc1ccc(F)cc1],0.19585977
MolPort-003-995-728 [O=C(NC1=NN(c2ccccc2)C(=O)C1)c1ccc(Br)s1],0.16159369
MolPort-027-332-002 [CNCc1ccc(S(=O)(=O)NC2(C)CCCCC2)nc1],0.780313
MolPort-042-780-299 [Cc1cc(S(=O)(=O)N2CCC[C@@H](N)C2)cc(C)c1F],0.63576776
MolPort-026-260-790 [CCC1(CC)CCN(CC2CC(C)CCC2O)C1],0.47077736
MolPort-024-064-932 [CC1CCCN(c2ccc(CNC(C)(C)C)cc2Cl)C1C],0.8777639
324575626 [CCc1c(C=O)cnn1-c1c(Cl)ccnc1O],0.68720484
MolPort-026-030-363 [CCOCC(C)NC(=O)c1cc(C)c(Br)s1],0.23075144
MolPort-021-639-967 [CC(C)C1CNC2(CCCCC2)CN1CC1CCCCO1],0.28681737
MolPort-046-178-550 [CCCN1CC(NCc2ccc(Cl)o2)CC1=O],0.061703872
330826696 [CCc1ccnc(-n2cc(C#N)c(C3CCOC3)n2)c1],0.47598037
MolPort-038-454-595 [CCCC(C)N(C)CC(O)c1ccccc1F],0.093104124
MolPort-003-444-333 [O=C(Nc1nc(CC(=O)N2CCOCC2)cs1)NC1CCCC1],0.49482957
MolPort-012-471-089 [CC(C)CCN(C)C(CN)c1ccc(Cl)c(F)c1],0.28464133
MolPort-034-977-048 [CCNC(c1cc2cccc(Cl)c2o1)C(C)(CC)N(C)C],0.6426289
MolPort-038-462-397 [Clc1ccc(CCNc2ncccn2)s1],0.3643084
MolPort-029-718-844 [Cc1c(Cl)ccc2c1NC(CCC(=O)O)C2],0.07568075
MolPort-041-550-281 [Cl.Cl.O=C(CC1COCCN1)Nc1ccc(Oc2ccccn2)cc1],0.2372299
345265101 [O=C(O)c1ccc(Br)c2cncn12],0.14052074
MolPort-011-617-391 [Clc1cc(Br)ccc1OCc1cc(CNC2CC2)no1],0.7914577
MolPort-005-589-947 [CC(C)c1ccc(NC(=O)CN2C(=O)NC(C)(C)C2=O)cc1],0.010705252
MolPort-005-378-004 [Cc1cccc(C(=O)O)c1NS(=O)(=O)c1cc(F)ccc1F],0.025501864
MolPort-041-295-719 [CC(C)(N)CN1CCC(Oc2ccc(Cl)c(Cl)c2)C1.Cl],0.94821626
Z3011781296 [Cc1cccc2nc(N3CCN(CCC(=O)O)CC3C)sc12],0.26867107
MolPort-006-317-682 [NC(=O)C1CCN(C(=O)Cc2csc(-c3ccccc3F)n2)CC1],0.5054679
MolPort-038-070-136 [Cc1nc(C2CCCN2)c2cc(Br)ccc2n1],0.1396413
MolPort-033-216-553 [CCN(c1ccc(N)cc1)S(=O)(=O)C1CCCC1],0.41719976
324655849 [COc1cc(-n2nc(C3CCCC3)cc2Cl)c(F)cn1],0.9889576
MolPort-043-943-386 [CCN1CCN(c2ccc(C(=O)NCc3ccccc3OC)nc2)CC1],0.67614335
MolPort-013-055-712 [Cc1cccc(C2CC(NCc3ccccc3C)C2)c1],0.008141808
MolPort-012-019-640 [Cc1ccc(C(C)NC(C)c2ccc(C)o2)c(C)c1],0.15923925
MolPort-020-341-598 [CCC(=O)Nc1ccc(C(=O)NC2CC2)cc1],0.10962742
MolPort-044-378-607 [O=C(NC1CCc2[nH]cnc2C1)N1CCC(Cc2cc(F)cc(F)c2)CC1],0.28269145
MolPort-037-932-231 [Cc1[nH]c(C2CNCCO2)nc1-c1ccccc1F],0.011018804
MolPort-023-908-725 [CCCc1nc(NCC)c(C)c(Sc2nnc(C)n2C)n1],0.3370017
MolPort-039-668-731 [Cc1n[nH]c(C(C)C)c1C(=O)Nc1nc(C2CCC2)cs1],0.24778561
MolPort-020-667-172 [CC(C)(C)CC(O)Cc1ccc(Cl)cc1Cl],0.25326374
MolPort-015-153-149 [Cc1cc(C(=O)O)ccc1-c1cc(F)cc(F)c1],0.038934246
MolPort-002-106-624 [Cc1ccc(S(=O)(=O)N2CCN(c3ncccn3)CC2)c(C)c1],0.9323859
MolPort-039-685-064 [Cc1oc2ncnc(NC(=O)C3COC(C)C3)c2c1C],0.6890337
343878962 [Cc1ccc(CCC(=O)Nc2nc(C(=O)NC(C)(C)C)cs2)cc1C],0.23176754
MolPort-045-309-266 [CNCC1CCN(C(=O)CC(C)c2ccc(OC)cc2)C1],0.5078325
MolPort-007-403-979 [Cc1cc(N2CCOCC2)ccc1NC(=O)COc1ccc(F)cc1],0.8304005
MolPort-021-144-886 [CCC1CCCN(C(=O)CC2CCCC(N)C2)CC1],0.53336453
MolPort-036-058-631 [Cc1ccc2cc(N(C)CC3CNC3)ccc2c1],0.2823587
MolPort-044-019-150 [CCN(CC)c1ncc(C(=O)Nc2ccc(C(C)C)cc2)cn1],0.319054
MolPort-020-753-768 [COCC1CCN(C(=O)c2ccc(C#CCO)s2)CC1],0.41890335
MolPort-009-490-566 [CCc1nnc(NC(=O)c2ccc(OC(F)F)cc2)s1],0.6529146
MolPort-034-971-824 [CC(C)CC(C)(O)c1cc2cccc(F)c2o1],0.30833563
MolPort-008-460-745 [Cc1cccc(C(=O)N(CCCN)c2cccc(Cl)c2)c1],0.1598953
MolPort-001-879-531 [CNC(=O)C1CN(C(=O)c2cc(C)oc2C(F)(F)F)CC12CCNCC2],0.013054088
MolPort-037-662-989 [COc1ccc(N(C)CC(C)(C)CN)cc1Cl],0.6539684
MolPort-039-458-039 [O=S(=O)(NC1CC2CCC(C1)N2Cc1ccccc1)c1cncc(Cl)c1],0.548534
MolPort-033-945-028 [O=C(Cc1cccc(F)c1F)NC1(CCl)CCC1],0.27915737
MolPort-043-619-978 [COc1ccc(S(=O)(=O)NC(C)(C)c2ccccn2)cc1],0.8382001
MolPort-024-236-439 [NCCc1ccc(Oc2cc(F)cc(Br)c2)cc1],0.92587763
MolPort-038-480-470 [O=C(Nc1nccnc1Cl)c1cc(Br)c(Br)s1],0.31010598
MolPort-023-552-703 [O=C(O)/C=C/c1ccc(N2CC3CCC(C2)O3)nc1],0.6444132
MolPort-011-793-114 [CC1CCC(C(O)Cc2c(Cl)cccc2Cl)CC1],0.15156038
MolPort-035-417-688 [CCN(CC)c1ccc(CNC(=O)N(C)Cc2ccccn2)cn1],0.1662191
MolPort-035-047-377 [Cc1cc(C#N)cc(NCC(C)C(C)(C)C)n1],0.39140877
MolPort-042-401-482 [CCOc1cccc(C(=O)N2CCC(C(=O)O)C2C)c1],0.76162195
MolPort-012-034-380 [CC(C)CC(N)C(=O)Nc1ccc(C(C)(C)C#N)cc1],0.054869514
MolPort-013-546-971 [Cc1ccc(C)c(Oc2ccc(CNC3CC3)cn2)c1C],0.5202227
MolPort-028-395-369 [COC(=O)c1ccc(C)c(S(=O)(=O)Nc2ccc(C)cc2C)c1],0.4650211
MolPort-041-927-412 [CC1CCNCC1NC(=O)C1Cc2ccccc2CN1C(=O)c1ccco1.Cl],0.02200059
MolPort-031-171-703 [CCN(CC(=O)NC)Cc1c(O)ccc2ccccc12],0.119690716
MolPort-044-754-471 [O=C(Nc1ccccc1F)C1CCCN(c2ccc(C3CC3)nn2)C1],0.9771784
MolPort-039-528-947 [CC(C(=O)N1CCCCC1c1cnn(C)c1)n1cncn1],0.5603215
MolPort-031-652-407 [CNC(=O)C(C)Oc1c(C)cc(Br)cc1CO],0.08573509
MolPort-025-736-948 [CCn1nc(C)c(Cl)c1CC(N)C1CN(C)CCN1C],0.13572465
MolPort-025-982-915 [NC(c1ncc(Cl)cc1Cl)C1CCOC2(CCC2)C1],0.8927069
MolPort-021-883-674 [CC(C)C(N)c1nc2c(n1C)CCC(N(C)C)C2],0.42692152
MolPort-034-621-792 [CCC1CCN(Cc2ccccc2)C(C(=O)O)C1],0.07704284
MolPort-034-531-440 [Cc1nnc2sc(C3(CN)CCCCC3)nn12],0.24521984
MolPort-003-913-761 [O=C(Nc1ccc(F)cc1)OC1CCCCC1],0.18382256
MolPort-022-198-239 [Cc1c(C2(C(=O)O)CCCC2)nn(C)c1C],0.22637202
MolPort-042-173-848 [CCc1ocnc1C(=O)N1CCc2cc(OC)c(OC)cc2C1CC(=O)O],0.45428672
MolPort-008-879-177 [O=C(c1cc(N2CCCCS2(=O)=O)ccc1Cl)N1CCCC(CO)C1],0.07247165
MolPort-042-390-563 [Cc1nc(C(F)(F)F)ccc1C(=O)N1CCC(C)CC1C(=O)O],0.31570613
MolPort-003-248-044 [O=C(COC(=O)C1CCCCC1)Nc1ccc2c(c1)OCCO2],0.07059907
MolPort-043-379-729 [CC1Cc2ccccc2N1C(=O)c1cc(C(=O)NC2CCS(=O)(=O)C2)ccn1],0.33415446
MolPort-002-038-986 [O=C(CNCc1ccc2c(c1)OCO2)Nc1ccccc1F],0.068192184
MolPort-010-677-522 [CC(C)c1nc(CNC(=O)c2coc(C3CC3)n2)no1],0.14610589
MolPort-031-159-139 [CC(N)c1ccc(Br)cc1N1CCCCCC1],0.79177666
MolPort-020-774-114 [CC1CCC(NCC(=O)Nc2ccc(F)cc2)C(C)C1],0.07133316
MolPort-020-720-296 [Cn1ccnc1CSc1ccc(C(=O)O)o1],0.2542219
MolPort-029-554-054 [CC(=O)CCc1cc(O)ccc1Br],0.05761355
MolPort-022-560-864 [COc1cc(C)c(-c2nccnc2C(=O)O)cc1C(C)C],0.09459921
MolPort-029-599-213 [CCN1CC(CC(=O)O)Cc2cc(OC)c(Cl)cc21],0.53003246
MolPort-014-952-092 [CN(Cc1nccn1C)C(=O)N1CCCC(CC(=O)O)C1],0.5213453
MolPort-000-443-470 [Cc1n[nH]c2c1C(c1c(Cl)cccc1Cl)C(C#N)=C(N)O2],0.14125802
MolPort-035-088-897 [COc1cccc(N2N=C(C)C(CCC(=O)O)C2=O)c1],0.29189032
MolPort-039-896-973 [CCOc1nc2cc(C(=O)N3CCC(=O)CC3)ccc2[nH]1],0.10058024
MolPort-008-473-404 [CCc1cc(C(=O)O)c(NC(=O)CN2CC(C)OC(C)C2)s1],0.0070560337
MolPort-039-811-120 [Cc1noc(C)c1C(=O)N1CCCN(Cc2noc(C(C)(C)C)n2)CC1],0.569868
324403278 [CNC(=O)c1cc(C(C)C)nn1C(C)c1ccc(O)c(C(F)(F)F)c1],0.55816865
MolPort-040-218-104 [O=C(c1coc(C2CCCCC2)n1)N1CC(O)CC1c1cccc(F)c1],0.4832213
MolPort-036-253-637 [COc1cc(OC)c(CC(C)(C)CCN)c(OC)c1],0.7592481
MolPort-032-693-763 [CCc1nc(-c2cc(Cl)ccc2OC)oc1C(=O)O],0.23183115
MolPort-013-334-669 [Cc1nc(N)sc1SCC(=O)N1CC(C)CC(C)C1],0.11001274
MolPort-041-115-074 [Cl.O=C(c1ccc(C(F)(F)F)cc1)N1CCC2CNCC2C1],0.11213728
MolPort-011-963-367 [CCN(CC)C(=O)CN(C)S(=O)(=O)c1c(C)n[nH]c1C],0.10861071
MolPort-008-592-977 [CCc1ccc(NC(=O)C(C)Nc2ccc(Cl)cc2)cc1],0.17125954
344217100 [Cc1nc(NC2CCCCC2C)ccc1NC(=O)c1ccc(F)cc1],0.3945156
MolPort-046-187-361 [Nc1nc2c(c(C(=O)N3CCCN(C(=O)c4cccs4)CC3)n1)CCCC2],0.2743192
MolPort-038-413-167 [CCc1nc(C)sc1C(=O)N[C@@H]1[C@@H](CC)[C@H]2OCC[C@@H]12],0.104322314
MolPort-042-512-274 [Cc1cc(NC(=O)N2C[C@@H](C(F)(F)F)[C@H](C(=O)O)C2)ccc1C(=O)N(C)C],0.066776335
50465219 [COC(=O)Cc1cc(O)c(F)cc1Br],0.42683756
MolPort-020-693-331 [OCc1sc(N2CCCC3CCCCC32)nc1C1CC1],0.3969183
MolPort-027-050-601 [COc1ccc(Br)c(NC2=NCC(C)CS2)c1],0.8485363
MolPort-026-241-237 [CC1(c2noc(CCC(CCN)C(C)(C)C)n2)CCCO1],0.50323445
MolPort-026-595-344 [Cc1ccc(C(C)N2CCCCC2C(=O)O)c(C)c1],0.16091959
MolPort-032-386-524 [CNCCc1ccccc1C(=O)NC1CCC(C)C(C)C1],0.0053580715
330567760 [COc1cc(C)ccc1-n1nc(C2CC2)c(C2(C)CC2)c1N],0.65065473
324705963 [Cc1nn(-c2cncc(Cl)c2C)cc1CN],0.65490484
MolPort-011-023-858 [CCN(CC=Cc1ccccc1)C(C)(C)C(=O)O],0.107052214
MolPort-012-356-117 [CC(C)c1ccc(Oc2cc(Cl)ccc2C(=O)O)cc1],0.059299067
MolPort-035-833-837 [Cc1ccccc1CNC(=O)CN(C)CC(=O)N(C)C],0.0049852026
MolPort-025-397-880 [CC1CC1(O)Cc1cccc(Br)c1],0.1781987
MolPort-042-311-414 [CC(=O)NC(CC(=O)N1CCCC1(C)C(=O)O)c1ccc(C)cc1],0.1476106
MolPort-005-271-608 [O=C(O)c1ccc(S(=O)(=O)Nc2nccs2)o1],0.069784105
MolPort-009-011-744 [O=C(Nc1nc(CSc2ccccc2)cs1)C1CCC1],0.42802334
MolPort-046-457-878 [O=C(NC12CCC(CC1)CC2)c1cccc(Cn2ccnc2)c1],0.20796525
MolPort-037-837-220 [Oc1cc(F)c(Br)cc1CC1CCCCN1],0.06817983
331344539 [CN1CCCCC1c1cc(N)n2nc(C3CCCCC3)c(C3CCC3)c2n1],0.8431081
MolPort-046-640-658 [CCO[C@@]1(C)C[C@H]1NC(=O)N1CCC(c2ccn(C)n2)CC1],0.8957348
MolPort-039-688-398 [CC1CCN(C(=O)N[C@H]2C[C@H](c3cccc(F)c3)C2)CC1O],0.45628142
Z4405188688 [COc1ccc(NS(=O)(=O)c2cc(C(C)C)c(C)cc2OC)cc1],0.6857515
MolPort-021-779-120 [Cc1ccc(CC(=O)NCC2CCCO2)c(C)c1],0.09421098
MolPort-032-741-108 [Cc1oc(C)c(C(O)CC2OCCc3ccccc32)c1C],0.01795148
MolPort-030-177-343 [Cc1ccc(OC(C)C(=O)NCC(C)(C)CO)cc1],0.2948605
MolPort-028-443-037 [CC(=O)Nc1ccc(C)c(NC(=O)N2CCN(c3cccc(Cl)c3)CC2)c1],0.4518907
MolPort-040-781-293 [O=C(Nc1ccc(F)cc1Br)N1CCN(C(=O)C2CC2)C1],0.57956415
336887414 [COc1cc(F)c(NCc2cc(C)[nH]c2C)c(F)c1],0.28232855
MolPort-030-898-879 [O=S(=O)(NCCC1CCC1)c1cccnc1Cl],0.6529098
MolPort-032-968-444 [COc1ccc(Cl)cc1CC(N)COc1cccc(Cl)c1],0.15190493
50467655 [N#Cc1cc(CBr)c(C(=O)O)cc1OC(F)F],0.008092704
324420070 [Oc1ncnn1C(c1ccc(F)cc1)C1CC1],0.4401978
MolPort-004-001-296 [O=C(COC(=O)c1ccc(Cl)cc1)Nc1ccc(Cl)cc1F],0.5326529
MolPort-023-777-703 [CCCNc1cc(Oc2cccc(CC)c2)ncn1],0.9599199
MolPort-020-762-637 [COCc1cccc(Oc2ccc(N)c(OC)c2)c1],0.76936966
MolPort-013-211-321 [CCCNc1ncc(C(=O)N(CC)C(C)C)cc1Cl],0.7616108
MolPort-006-588-240 [Cc1cccc(N2CCC(C(=O)NCCc3ccccn3)C2=O)c1],0.18992554
MolPort-040-054-646 [Cn1nc(C2CCCCC2)cc1NC(=O)c1nc[nH]n1],0.58478004
MolPort-040-458-130 [O=C(CC1CCCC1)NCC(=O)N1CCS(=O)(=O)c2ccccc2C1],0.16726644
MolPort-023-481-476 [O=C(O)C1CC2CCC1N2C(=O)C1CNc2ccccc21],0.03772782
MolPort-026-755-031 [O=C(NC1CCCC(C(=O)O)C1)c1csnn1],0.36205897
44311679 [O=C(c1cscn1)N1CCCC2(CCN(C3CCOCC3)C2)C1],0.2602105
MolPort-039-753-967 [O=C(NCc1cn2cc(Cl)ccc2n1)N1CCN2CCOCC2C1],0.6500332
MolPort-042-947-023 [COc1cc(Cl)c(C)cc1N(CC(=O)Nc1cc(C)cc(C)c1)C(C)=O],0.207438
MolPort-035-667-836 [CCOc1cc(F)ccc1NC(=O)c1cnns1],0.6247991
340140533 [N#Cc1ccc(OCCC(=O)NCc2nccs2)cc1],0.5151333
MolPort-016-460-374 [CC(=O)Nc1ccc(Cl)c(NC(=O)c2ccc(N3CCCCC3=O)cc2)c1],0.2551475
MolPort-046-716-654 [Cc1cc(C)n(CCC(=O)N2CCC(CO)(Cc3ccc(F)cc3)C2)n1],0.17186542
MolPort-040-818-680 [Cc1cc(C(=O)N2CCC(C3OCCCC3N)CC2)ccc1-n1cccn1],0.12347815
330113631 [Cc1c(Cn2nc(C#N)c(N)c2C(F)(F)F)cccc1C(F)(F)F],0.35626557
MolPort-039-398-585 [O=C(NCc1ccccn1)c1coc(C2CCOCC2)n1],0.11493904
MolPort-034-566-698 [Cc1nnc(NCCc2nccs2)nc1C],0.30607912
MolPort-002-129-407 [CCc1ccccc1NC(=O)CN1CCN(c2cccc(C)c2C)CC1],0.15859629
MolPort-043-460-838 [CCN(c1ccccc1)c1cnnc(NC2CC2)n1],0.33597994
330969264 [CC1CCc2nn(Cc3ccccc3C3CC3)c(C(=O)O)c21],0.02867552
MolPort-041-729-247 [CSC(C(=O)N1CC2CCC(N)C2C1)c1ccccc1.Cl],0.017879697
MolPort-011-315-639 [Cc1cccc(-c2nc(C)c(CCC(=O)O)c(C)n2)n1],0.4109495
MolPort-009-721-809 [O=S(=O)(NCC1CCN(C2CCCC2)CC1)c1ccc2c(c1)CCCC2],0.7949412
MolPort-037-449-149 [Cc1cc(CN2CCN(C(=O)c3cccc(Br)c3)CC2)no1],0.59458274
MolPort-030-984-451 [Cc1nn(-c2ccc(C(=O)O)cc2Br)cc1Cl],0.42447856
MolPort-025-621-982 [c1nc(CNC2CCCC2C2CCCCN2)cs1],0.050684806
MolPort-013-287-903 [Cc1cccc(Oc2cc(C(=O)O)cc(Cl)n2)c1],0.31496456
MolPort-005-528-408 [COc1ccc(C)cc1CN1CCN(C(=O)Nc2cccnc2)CC1],0.5081732
MolPort-041-696-980 [Cl.O=C(Nc1ccccc1C(=O)N1C2CCNCC1CC2)c1ccccc1],0.0051019066
MolPort-027-803-982 [Cc1ccc(SCC(N)Cc2cccc(Cl)c2)cc1],0.25157696
MolPort-014-914-529 [CCc1cccc(OCc2cc(C(=O)O)ccc2OC)c1],0.1397226
MolPort-042-383-918 [CC(C)(CCNC(=O)C(C)(C)c1ccccc1F)C(=O)O],0.22486804
MolPort-043-674-638 [Cc1ccc(NC(=O)CCN(c2cccc(Cl)c2)S(C)(=O)=O)cc1],0.0899955
MolPort-030-727-275 [CC(C)C1CCCCC1NCC1COc2ccccc2O1],0.14018233
MolPort-038-308-774 [CNC(C)COc1cnn(-c2ccc(C(F)(F)F)cc2)c1],0.851631
MolPort-011-356-584 [COc1cccc(NC(=O)CN2CCNC(C)(C)C2=O)c1],0.017476872
MolPort-024-545-612 [CC1(O)CCN(c2ccc(CO)c(C(F)(F)F)c2)CC1],0.44479728
MolPort-024-369-046 [CCC1CN(C(=O)c2ccc3c(c2)OCO3)CCC1N],0.04444595
MolPort-022-355-250 [CC(C)(C)NCc1ccc(C#N)cc1Br],0.44032753
MolPort-044-502-342 [O=C(c1ccc(NCc2csc(C3CCCCC3)n2)cc1)N1CCOCC1],0.4659654
MolPort-042-722-816 [CC1COc2ccccc2CN1C(=O)NC1CCSC1],0.059575174
MolPort-014-268-623 [Cc1cnc(N(CCO)C2CCCCC2)nc1],0.33104542
MolPort-040-029-634 [O=C(NCc1nc(CO)cs1)c1coc(C2CCCCC2)n1],0.35979652
MolPort-030-116-131 [CC(C)C(O)CNC1CCc2ccccc2C1],0.029282078
MolPort-031-007-028 [NCCCC(=O)OCc1ccccc1Br],0.28536293
MolPort-020-962-789 [CCCNC(c1cc(C)c(Br)cc1C)C1CCOCC1],0.24728505
MolPort-032-670-465 [Cc1ccc(CNc2ccc(C(N)=O)cc2C)cn1],0.3971963
MolPort-018-354-326 [CCCOc1cccc(CNn2cnnc2)c1],0.7633439
MolPort-036-230-014 [COc1ccc(-c2ccnc(C3(CO)CC3)n2)cc1],0.90114754
MolPort-035-522-043 [COc1cc(Cl)c(C)cc1NC(=O)C(C)N(C)Cc1cc(C)on1],0.48360607
MolPort-015-614-578 [CN(C)S(=O)(=O)c1ccccc1NC(=O)c1ccc(Cl)cc1F],0.24054451
330656025 [COc1cc(-n2nc(C)c(C(C)(C)C)c2Cl)c(F)cn1],0.9571399
MolPort-021-773-536 [CC(C)CN1CCN(C(=O)c2cc[nH]n2)[C@H]2CS(=O)(=O)C[C@H]21],0.052010763
MolPort-030-547-832 [CC1COCCN1CCS(=O)(=O)c1cccc(C#N)c1],0.3982911
MolPort-028-677-688 [Cl.N#CC[C@@H](N)c1c(F)ccc(Br)c1O],0.2768562
MolPort-046-508-688 [COc1ccc(CN2C(=O)CC3(CC3)C(C(=O)O)C2C(F)(F)F)cc1],0.52629375
MolPort-038-734-664 [CC(Nc1ccc(NC(=O)OC(C)(C)C)nc1)c1ccco1],0.6376251
MolPort-000-479-484 [CCCn1c(CCCNC(=O)C(C)(C)C)nc2ccccc21],0.74706966
MolPort-033-266-663 [Cc1ccc(C(CN)NCC(C)C)cc1Br],0.14249186
MolPort-022-413-458 [CN(C)CCc1noc2cccc(Br)c12],0.38431227
MolPort-038-995-966 [NC(=O)C1(O)CCCN(Cc2coc(-c3ccc(F)cc3)n2)C1],0.8173159
MolPort-040-658-327 [Cc1nc(CNC(=O)N2CC(C3CCCCC3)C2)no1],0.21119535
MolPort-021-358-896 [COCC1CCN(CCNc2ccccc2Cl)C1],0.5748031
341761444 [CC(=O)C(C)Oc1ccccc1NC(=O)c1ccc(C)cc1],0.076734625
MolPort-037-641-489 [CC(=O)Nc1ccc(C(=O)N2CCOCC2c2ccccc2)cc1],0.10025553
MolPort-009-903-988 [Cc1nn(Cc2ccc(F)cc2)c(C)c1S(=O)(=O)N1CCOCC1],0.7378628
341040209 [O=C(CS(=O)(=O)Cc1c(F)cccc1Cl)Nc1cc(F)ccc1F],0.4618437
MolPort-032-566-918 [Nc1cc(Br)cc2nc(CC3CCCCC3)oc12],0.57746047
MolPort-008-604-155 [COc1cccc2cc(CC(=O)O)c(=O)[nH]c12],0.014237254
MolPort-030-887-093 [CCc1cccnc1-c1nc2c(c(NC)n1)CCCC2],0.5600371
MolPort-035-254-479 [COc1ccc(C(CN)N(C)C2CCSC2)cn1],0.517577
MolPort-036-154-976 [COc1cc(C)c(Cl)cc1C(F)(F)C(C)(C)N],0.7776018
MolPort-039-105-839 [Cc1nc(-c2ccc(CNC(=O)C3CCOCC3)cc2)no1],0.19495301
338022402 [CCc1ncnc(N2CCN(Cc3ncccc3F)CC2)c1F],0.9610544
MolPort-014-438-040 [OC(CNc1cccc(OC(F)(F)F)c1)c1cccs1],0.047256988
MolPort-013-453-985 [CNC(C)c1ccc(OCCN2CCCCC2)c(Cl)c1],0.7095421
324290662 [Cc1ccc(-c2cccc(C[C@H](NC(=O)OC(C)(C)C)C(=O)O)c2)cc1],0.3238269
MolPort-030-735-903 [Cc1cccc(C)c1CS(=O)CCC(=O)O],0.01149222
MolPort-013-525-436 [CN(c1cccc(C#N)c1)c1ccncc1N],0.30122235
MolPort-034-485-037 [O=S(=O)(c1cn[nH]c1)N1CCCC(O)c2ccccc21],0.29233155
MolPort-005-530-623 [O=C(CNC(=O)c1ccco1)NC1CCC2CCCCC2C1],0.108577035
MolPort-008-111-795 [CCC(Oc1cc(C)cc(C)c1)C(=O)Nc1cccc(F)c1],0.1421054
330655044 [Cc1cnc(Cl)cc1-n1nc(C(C)C)c(C(C)C)c1N],0.58032894
54378844 [O=C(O)Cc1c(Br)cc(C(F)F)nc1C(F)(F)F],0.31873152
MolPort-035-525-846 [Cc1noc(C)c1CCC(=O)Nc1cccc(CN(C)C)c1],0.012241453
MolPort-023-876-903 [CC(C)c1nc(N)cc(N2CCCC3CCCC32)n1],0.56593615
MolPort-022-074-559 [Cc1cc(N(C)CCC(=O)O)c(C)n1C(C)C],0.10322097
MolPort-038-591-011 [Cc1cc(NC(=O)CC2CCCC2)cnc1Cl],0.20062995
MolPort-043-950-791 [CCOC(=O)N1CCN(C(=O)c2ccc(Nc3cc(C)on3)cn2)CC1],0.92142934
MolPort-011-987-732 [Cc1cc(C)c(C(=O)NC2CCC(=O)CC2)c(C)c1],0.05361812
MolPort-040-685-956 [CCn1cc([C@@H]2OCCC[C@H]2C(=O)N[C@H]2CC[C@H](C)CC2)cn1],0.44751468
MolPort-014-595-812 [CN(CCOc1ccccc1F)C(=O)C(C)(C)N],0.32022166
MolPort-023-878-760 [CCNc1cc(Oc2ccccc2C#N)nc(C2CC2)n1],0.44446853
MolPort-031-695-419 [O=C(Cc1cncs1)C1(c2ccccc2)CCCC1],0.17149425
MolPort-044-765-164 [C[C@H](O)c1ccc(CNc2ccc(F)cn2)cc1],0.30101874
MolPort-011-648-195 [CNC(COC)c1cc2ccccc2o1],0.24182415
MolPort-040-645-860 [Cc1cc(N(C)C)nc(NC(=O)N2C3CCC2COC3)n1],0.35853624
MolPort-004-352-285 [CCC(C)C(N)C(=O)Nc1cc(Cl)ccc1Cl],0.28857633
MolPort-032-031-667 [O=C(O)/C=C/c1cnc(Oc2ccccc2Br)nc1],0.50065297
MolPort-028-240-387 [O=C(NCc1cccnc1N1CCOCC1)N1CCc2ccccc2C1],0.13781065
MolPort-022-529-372 [Cc1ccc(C(C)C)cc1-c1cc(N)ncn1],0.7118058
MolPort-039-642-301 [COc1ccccc1C1(CNC(=O)N2CCC(C3CCCO3)CC2)CCC1],0.4324127
MolPort-039-188-805 [Cc1ccnc(NC(=O)N2CCCC(N(C)Cc3ccccn3)CC2)c1],0.73111194
MolPort-031-303-100 [CCN1CCOC(CN)C1c1cn(C)nc1C(C)(C)C],0.2059703
MolPort-039-247-498 [Cc1noc(C2CC2)c1NS(=O)(=O)c1cnn(CC(F)F)c1],0.5235339
MolPort-027-942-379 [O=S(=O)(CCc1ccccc1)N1CCCCc2ccccc21],0.3355349
330010585 [CNC(=O)c1nn(-c2cc(C3CC3)ccn2)c(C(F)(F)F)c1Br],0.88684565
MolPort-046-720-170 [Cc1csc(C(O)(CC(=O)N2CCN(C3CCOCC3)CC2)C(F)(F)F)n1],0.43848225
MolPort-037-754-903 [COc1ccc(C2CCNC2)c(OC)c1SC],0.10945216
MolPort-013-909-053 [CN(CCC(=O)c1ccc(Br)cc1)c1ccc(O)cc1],0.5752554
MolPort-008-975-288 [CC(=O)Nc1ccc(S(=O)(=O)NC2(c3ccccc3)CC2)cc1],0.09556209
MolPort-041-399-026 [CC(C)C(=O)N1CCCCC1C(=O)N[C@H]1CCCNC1.Cl],0.03452631
MolPort-036-211-091 [NC(=O)c1nc(-c2ccc(Cl)cc2Cl)c[nH]1],0.18486054
MolPort-008-219-454 [CCN1CCN(c2ncccc2NC(=O)c2ccccc2C(F)(F)F)CC1],0.557625
MolPort-042-582-768 [CC(Oc1cccc(Cl)c1)C(=O)Nc1cc(C(N)=O)ccc1F],0.60493475
MolPort-036-196-105 [CCOc1ccc(-c2cnc(CO)[nH]2)cc1],0.40547702
MolPort-024-220-822 [CCN1CCN(c2ccc3c(c2)N(C)C(=O)C3O)CC1C],0.07616445
MolPort-034-547-441 [CCNCc1sc(CC2CCCCO2)nc1COC],0.7530821
MolPort-041-564-399 [O=C(NC1(C(=O)O)CC1)c1cn(-c2cccc(C(F)(F)F)c2)nn1],0.4746597
MolPort-041-893-857 [Cl.NCC(=O)Nc1ccc2c(c1)C(=O)CCC2],0.011350729
MolPort-013-564-124 [O=C1CNCCN1Cc1c(F)cccc1Cl],0.23423894
MolPort-033-005-211 [CNC(c1cc(C)cc(F)c1)c1scnc1C],0.23589845
MolPort-045-602-145 [CC(C)CCc1noc(CN2CCCC(C(=O)O)C2)n1],0.3375877
MolPort-032-616-631 [CCC(C#N)(CC)NS(=O)(=O)c1cccc2ncccc12],0.24333219
MolPort-040-871-944 [CC1CCCN(CC2CCCC2)C1CN.Cl],0.5933745
MolPort-029-076-596 [CC(C)(C)OC(=O)N1CCC(Cc2ccc(O)cc2)C1],0.608192
MolPort-036-306-687 [NCC1CCCN(c2ncc(-c3cc[nH]c3)cn2)C1],0.49307
MolPort-042-552-235 [CC1CC(C(=O)O)CN(Cc2ccc(Br)c(Br)c2)C1],0.38625517
MolPort-014-522-064 [Cn1cc(Br)cc1C(=O)N(CCO)C1CCCC1],0.340487
MolPort-035-899-463 [Cc1ccc(S(=O)(=O)NC(=O)c2nc[nH]n2)cc1],0.167991
339679347 [Cc1ccc(NC(=O)C=Cc2c(Cl)cccc2Cl)cn1],0.6111843
MolPort-007-441-532 [CC(C)c1nc2cc(NC(=O)C3CCCC3)ccc2o1],0.48650685
MolPort-038-410-598 [CCCc1nc(C)c(CNC(=O)CCn2ccnc2C)s1],0.46182123
MolPort-008-954-935 [CCOc1ccccc1NC(=O)c1cc(C2CC2)[nH]n1],0.08947707
MolPort-029-351-458 [COc1ccc(N2CCOCC2CN)c(OC)c1],0.86595803
MolPort-024-486-817 [C=C(Cl)COc1ccc(Br)c(CNC(C)(C)C)c1],0.44099605
MolPort-020-652-969 [CC(C)NCc1ccc(F)c(-c2ccc(Br)cc2)c1],0.8168318
MolPort-040-282-545 [Cc1nn(C)c(C)c1NC(=O)N1CC=C(c2ccc3c(c2)OCCO3)CC1],0.45929596
MolPort-045-325-928 [NCC1CCCN1C(=O)c1ccc(OCC(F)(F)F)nc1],0.9333232
MolPort-012-745-664 [NCc1cccc(N2CCN(CC3CC3)CC2)n1],0.8285317
MolPort-023-905-203 [Cc1c(N)nc(C2CC2)nc1OCC1CC=CCC1C],0.620002
MolPort-036-244-806 [COc1cc(C(C)C)ccc1C(=O)CC1CCCN1],0.041281622
MolPort-008-601-220 [COc1cc2c(cc1OC)C(O)CC1(CCNC1)O2],0.046598103
MolPort-020-690-323 [O=C(NC1CCCS(=O)(=O)C1)c1cc(Cl)nc(Cl)c1],0.288593
337697887 [Cc1cc(C)n(-c2ccccc2OCC(F)(F)C(=O)O)n1],0.79630995
MolPort-020-716-716 [CN1CCCc2cc(C(O)c3ccco3)ccc21],0.44503868
MolPort-022-631-683 [CC(C)CN1Cc2ccc(C(C)(C)C)cc2C1CN],0.22318059
MolPort-042-012-579 [CC(N)C1CCCN(C(=O)c2ccc(N3CCCC3)nc2)C1.Cl.Cl],0.609431
MolPort-045-780-630 [Cn1cc(-c2ncccc2C(=O)NCCS(=O)(=O)C(F)(F)F)cn1],0.46485958
108095047 [Cc1cc(Br)c(OC(F)F)cc1CO],0.08911779
MolPort-042-810-893 [CC1CCN(S(=O)(=O)NC2(C3(C)CC3)CC2)CC1],0.7270996
MolPort-031-421-385 [CCCOc1cccc(-c2nc3c(c(NC)n2)CSC3)c1],0.75013685
MolPort-008-298-804 [O=C(O)C1C2CCC(CC2)C1C(=O)NC1CCCCC1],0.10452851
MolPort-020-589-182 [CC(N)Cc1c(SC2CCOCC2)nc2ccccn12],0.19515307
MolPort-040-760-491 [N#Cc1ccc(S(=O)(=O)N2CCSCC2C2CCC2)cc1F],0.9622349
MolPort-010-140-692 [COC(=O)Nc1ccc(CNC(=O)c2cc3c(s2)CCC(C)C3)cc1],0.20522141
342668389 [O=C(CN1CCC(c2cccc(C(F)(F)F)c2)CC1)NCC1CCCO1],0.5888679
MolPort-032-290-811 [CCCn1nccc1C1(O)CCC(OC)CC1],0.74295646
MolPort-006-051-785 [O=C(NCC1CCCO1)c1ccc(C2SCCS2)cc1],0.09043044
MolPort-021-081-200 [Nc1nc(NC2CC2)ncc1-c1ccccc1],0.25248533
MolPort-014-031-173 [Cc1ncc(N)cc1C(=O)N1CCc2ccc(O)cc2C1],0.08414657
336639787 [Cc1cc(CN[C@@H]2c3ccccc3C[C@@H]2O)ccn1],0.21841079
MolPort-021-864-101 [Cc1ccc(Cl)c2c1CCNC2Cc1cccnc1],0.14392936
MolPort-020-359-906 [CC(=O)Nc1ccc(-c2nncn2C)cc1],0.5111277
MolPort-040-005-805 [O=C(NCC1CCCC(C(F)(F)F)C1)N1CCCCC1c1cn[nH]c1],0.21655136
MolPort-042-185-700 [CC1CNCCC1NC(=O)c1ccccc1N(C)C(=O)C1CC1.Cl],0.0033966566
MolPort-025-635-246 [COc1cc(OC)cc(-c2onc(N)c2Br)c1],0.8054672
324352375 [CC(C)c1cnn(-c2cccc(Br)c2)c1O],0.27964276
MolPort-044-312-952 [O=C(NCCc1ccccc1)N1CCC(Cc2noc(C3CCOCC3)n2)C1],0.14987192
MolPort-011-321-148 [CC1NCCn2c(C3COc4ccccc4C3)nnc21],0.10655719
MolPort-036-789-787 [Cc1ccc(CCNC(=O)Nc2ccc(Cl)cc2)cc1],0.14445223
MolPort-014-759-200 [Cc1ccc(C(C)Nc2ccnc(C)n2)cc1],0.4709364
MolPort-029-718-224 [CC(=O)Cc1nc2cc(Cl)cc(Cl)c2[nH]1],0.057428014
MolPort-013-874-634 [CCCN(CCNC)c1ncnc2sc(C)c(C)c12],0.5659393
MolPort-029-063-302 [COc1c(Cl)cnc(C2CCCNC2)c1C],0.6230038
MolPort-013-028-379 [CNC1C(=O)Nc2cc(N(C)CC(F)(F)F)ccc21],0.028012173
253189 [Cc1cnc(C(=O)N2CCN(C)C(c3ccccc3)C2)cn1],0.4061512
MolPort-040-561-613 [CC1(C)CN(C(=O)C2CC2)CCN1C(=O)c1coc2c1C(=O)CCC2],0.056224044
MolPort-016-645-701 [O=C(CN1CCCC(c2ncncc2-c2ccncc2)C1)N1CCCCC1],0.52283627
336694007 [Cc1cc(Cl)cc(CNCc2c(F)cc(F)cc2F)c1],0.34137926
MolPort-041-147-846 [O=C(Nc1ccccc1C(F)(F)F)N1CCC2NCCC2C1],0.044308305
MolPort-032-744-100 [Cc1nc(CC(O)c2ccc(Cl)c(C)c2)cs1],0.5339051
MolPort-046-217-835 [CN(C)c1ncccc1OC1(C)CCNCC1],0.103407204
MolPort-032-128-237 [O=C(O)c1cc2nc(C3CCC(F)(F)CC3)[nH]c2cc1F],0.009007668
MolPort-031-853-263 [CC(C)N(C)CCNS(=O)(=O)c1ccc(C#N)cc1Cl],0.47013664
MolPort-020-507-934 [COc1ccc(C(=O)O)cc1NC1CCC(C(C)C)CC1],0.06958037
MolPort-042-687-149 [Cc1c(C(=O)N(CCC(=O)O)C2CCOCC2)sc2ccccc12],0.023520054
MolPort-032-093-390 [CC1CCCC(Oc2ccnc3cc(Br)cnc23)C1],0.8472459
MolPort-033-262-571 [Cc1ccc(CNCC2CC3CCC(C2)N3C)cc1Br],0.17417862
MolPort-033-517-511 [Cc1cc(Br)cc(C(=O)NOCC(C)C)c1],0.15534903
MolPort-002-787-441 [NC(=O)COc1ccc(-c2ccccc2)cc1Br],0.6854811
324502610 [CCOC(=O)c1ccccc1Cn1ncc(C2CCCC2)c1O],0.33290425
MolPort-022-132-410 [Cc1ccnc2ccc(OC(C)CN)c(Br)c12],0.70028573
MolPort-034-768-698 [CCn1nccc1-c1nc(NC)c(Br)c(C(C)(C)C)n1],0.81787974
MolPort-020-091-301 [COc1c(C)cnc(CN2CCN(C(=O)c3cnccn3)CC2)c1C],0.6913495
MolPort-040-595-653 [CC1CC2CCCCC2N1C(=O)Nc1ncc(C2CCOCC2)s1],0.42532668
MolPort-037-807-322 [COc1ccc2c(c1C1(CN)CCCC1)CCCCC2],0.3385303
MolPort-031-486-978 [Cc1nc(CNc2ccc(F)c(Br)c2)c[nH]1],0.3775127
MolPort-034-279-856 [COC(=O)c1sc2cccc(OC(F)F)c2c1N],0.14110889
MolPort-033-911-386 [CCC(NC(=O)CC1CC2CCC1C2)c1ncc[nH]1],0.04985276
MolPort-024-409-238 [CC(C)NCC(C)(C)Cc1cccc(F)c1Br],0.36915112
MolPort-026-524-615 [Cc1ccc(C)c(CC(N)C2Cc3ccccc32)c1],0.07924166
MolPort-010-119-169 [Cc1cccc(C(C)C)c1NC(=O)N1CCOC(c2ccc(F)cc2)C1],0.07207637
337644131 [O=C(O)C(F)(F)COc1cccc2c1OC(F)(F)O2],0.6561995
MolPort-039-215-660 [CCC1=NOC(CNC(=O)c2cccc(-c3nc(N(C)C)n(C)n3)c2)C1],0.55278325
MolPort-026-563-517 [COc1ccc(CNC2CCC(=O)N(C)C2)cc1Cl],0.521697
MolPort-023-699-637 [CCCNc1ncc(Cl)c(N2CCCC(CO)C2)n1],0.9168027
MolPort-045-255-887 [O=C(c1cc(Cl)cc2cccnc12)N1CCC(N2CCNCC2)C1],0.03212947
MolPort-024-746-500 [CCn1nc(C)c(N)c1C(=O)Nc1cc(Br)ccc1C],0.39879385
MolPort-023-141-039 [CC(C)c1nc(C2CCCN(C(=O)C3CCCO3)C2)no1],0.815509
MolPort-039-584-085 [O=C(Nc1ccn(CC(F)(F)F)n1)c1cc2n(n1)CCCO2],0.4225267
MolPort-027-559-930 [CCCn1cc(-c2cccc(C(C)NCC)c2)c(C)n1],0.2068467
324441745 [CC(c1ccc(F)cc1O)n1nc(C2CCCC2)cc1CCl],0.83193105
MolPort-031-826-500 [Cc1cc(Br)cnc1N1CCCC1C(N)=O],0.84254044
324561592 [CCc1c(C(=O)NC)cnn1-c1ccnc(C)c1F],0.38034686
MolPort-014-323-059 [CC(N)C1CCCCN1Cc1ccc2ncccc2c1],0.84331983
MolPort-013-746-363 [CCCS(=O)(=O)c1ccccc1NC(C)C1CCCNC1],0.052702468
MolPort-014-769-771 [CC1CCN(C(CCN)c2ccccc2)CC1],0.10427618
44336141 [CC1NC(=O)COC12CCN(Cc1cccs1)CC2],0.028379718
MolPort-034-810-184 [CC1CC(C)C(C)N(c2ccc([C@@H](C)N)cc2)C1],0.12122465
324719875 [Cc1cc(C(=O)O)c(-n2nc(C(F)F)c(Br)c2N)cn1],0.23772244
MolPort-045-771-787 [Cc1cn(C(C)(C)C(=O)NC2CCOC(C3CC3)C2)cn1],0.10963407
MolPort-040-090-576 [N#CC1(NC(=O)Cc2ccc3c(c2)NC(=O)C3)CCSCC1],0.0055179973
MolPort-010-363-465 [O=C(Nc1cccc(-c2cnco2)c1)C1=NN(C2CCS(=O)(=O)C2)C(=O)CC1],0.34765282
336918914 [CC(C)Oc1cccc(NCc2ccncc2F)c1],0.5402037
MolPort-024-514-513 [CC1CC(NC(=O)Cn2cccc2C(=O)O)CCN1C],0.04482309
MolPort-027-745-416 [CCc1nn(C)c(NCc2cccc(OC)c2)c1N],0.6504102
MolPort-005-197-697 [CC(NCCc1ccc(Cl)cc1Cl)c1ccc(O)cc1],0.24801625
MolPort-019-732-251 [Cc1ccc(C=CC(=O)NCc2cccnc2)cc1],0.15585424
MolPort-035-198-799 [N#Cc1cc(Br)ccc1Nc1ccc(Cl)c(C(=O)O)c1],0.03584862
MolPort-021-629-247 [CCCC1CN(Cc2cccs2)C(CCC)CN1],0.016825313
MolPort-027-692-384 [COc1ccc(CNC(=O)c2ccc(N3CCCCCC3)nc2)cc1O],0.6795635
330056572 [COc1cc(-n2nc(C(C)C)c(CN)c2C(F)(F)F)ccc1C],0.76562434
MolPort-041-505-817 [COc1c(C)cc(C)cc1S(=O)(=O)N1CCCCC1C(C)N.Cl],0.76431245
MolPort-037-297-119 [Cc1cc(C(=O)NCc2ccc(F)cc2)ncn1],0.50723386
MolPort-045-244-028 [COc1cccc2c1CCC2NC(=O)CCc1ccccc1N],0.04004941
MolPort-039-734-510 [CC(C)c1nnc2n1CC(NC(=O)N1CC(C(C)C)c3ccccc31)CC2],0.21668847
MolPort-002-611-051 [CC(=O)c1c(C(C)=O)c(C)n(NC(=O)c2ccc(Cl)cc2)c1C],0.39034495
MolPort-020-086-988 [Cn1c(S)nnc1C1CCN(C(=O)C2CC3CCC2C3)CC1],0.5764542
MolPort-022-509-440 [COc1ccc(CNc2cc(=S)[nH]c(C)n2)cc1],0.111177616
MolPort-014-273-460 [CNc1ccc(C(=O)N2CCC(O)CC2)cc1C],0.14759776
MolPort-043-573-484 [CC(C)c1ccc(Nc2ccc(NS(C)(=O)=O)nn2)cc1],0.25486633
MolPort-032-629-782 [O=C(O)c1ccc(CCNC(=O)c2cncc(F)c2)cc1],0.212349
MolPort-027-007-065 [Cc1cc(C#N)cc(C)c1OCC(C)CNC(C)C],0.7620109
331355041 [CC(C)c1nn2c(=O)[nH]c(=O)[nH]c2c1C1CCN(C(=O)OC(C)(C)C)C1],0.11012878
MolPort-040-955-203 [CN(C(=O)c1cncc(F)c1)C1CCNCC1.Cl.Cl],0.051626947
MolPort-011-542-719 [FC(F)(F)c1cnc(NC2CCC2)c(Cl)c1],0.91958755
MolPort-012-155-734 [CCNC(c1cncc(Br)c1)c1cc(C)ccc1OC],0.6539768
MolPort-008-857-062 [CC(O)(CNC(=O)OCc1ccccc1)c1ccc(Cl)cc1],0.8310986
337150666 [OCc1nn(C2CCCCO2)c2ccc(Br)cc12],0.60499114
330573167 [FC(F)c1c(C2CC2)nn(C2CCOC2)c1Br],0.19621404
MolPort-026-317-052 [CCc1ccsc1CNc1cccnn1],0.13337086
MolPort-014-427-368 [CN(C)c1ccc(-c2nc(N)c3c(n2)CCCCC3)cc1],0.6407059
MolPort-038-966-784 [CN1CCC(NC(=O)Nc2cnn(C(C)(C)C)c2)C1c1ccccc1],0.30828404
MolPort-033-803-355 [CC(C)C(Cl)CNC(=O)c1ccccc1Cl],0.027183602
MolPort-024-200-032 [N#Cc1cc(F)c(Nc2ccccc2Cl)c(F)c1],0.4754733
MolPort-008-522-797 [CC1CCc2c(sc3nc(CNC4CC4)[nH]c(=O)c23)C1],0.0092541175
MolPort-013-713-326 [CN(Cc1cccc(Cl)c1)c1ccc(N)c(C(=O)O)c1],0.0036311615
MolPort-015-651-200 [CC(COc1ccc(F)cc1F)NC(=O)C1(c2cccc(Cl)c2)CC1],0.4503498
MolPort-013-950-809 [CSc1ccc(C(C(=O)O)N2CCCCCC2)cc1],0.36945713
MolPort-012-837-294 [CC(C1CC1)N(C)C(C)(C(=O)O)c1ccccc1Br],0.09322738
MolPort-044-896-840 [CC(C#N)CC(NC(=O)OCc1ccccc1)C(=O)O],0.48794723
338825032 [CCC(Oc1cccc(C(N)=O)c1)C(=O)Nc1cc(Cl)ccc1C],0.39840665
MolPort-043-604-875 [CC(C)Oc1ccc(N2CCN(C(=O)C3CCOCC3)CC2)cc1],0.8891661
MolPort-041-061-987 [CC1CN(S(=O)(=O)N2CCC(C(C)N)CC2)CC(C)O1.Cl],0.6446789
MolPort-012-080-719 [COc1ccc(C(C)Nc2cc(Br)ccc2N(C)C)cc1],0.7687588
MolPort-015-037-517 [Cc1ccc(C)c(S(=O)(=O)NC(C)c2cccc(Br)c2)c1],0.18916029
MolPort-031-765-983 [CC(C)N1CCC(NC2CC(C)(C)CC(C)(C)C2)C1],0.39280394
MolPort-023-134-567 [Cc1noc(C)c1CC(=O)NCCc1ccc(C(=O)O)cc1],0.026116198
MolPort-044-748-135 [CC(C)C1CCCN1C(=O)c1ccnc(-n2ccnc2)c1],0.61347264
MolPort-022-994-771 [O=C(O)CCN(Cc1ccccn1)C(=O)Cc1ccccc1],0.14877957
MolPort-009-525-423 [CNc1snc(C)c1C(=O)N1CC=C(c2ccccc2)CC1],0.265592
MolPort-026-384-912 [Cc1nc(CC(O)c2ccc(Cl)s2)sc1C],0.15925415
MolPort-037-450-231 [CCCCNC(=O)c1ncsc1-c1ccccc1],0.17660873
MolPort-027-455-071 [NCC1CCCC1COc1ccccc1S(=O)(=O)C(F)F],0.4473087
MolPort-042-153-295 [CC(C)CC(=O)Nc1ccc(C(=O)N(C)C(C)(C)C(=O)O)cc1F],0.08856103
MolPort-027-981-447 [Cc1cc(C(=O)Nc2cc3c(cc2Cl)OCCO3)ccc1F],0.49682626
MolPort-030-850-556 [CCc1nn(C2CCCCC2)c(CC)c1C(C)N],0.76182485
MolPort-037-208-948 [CC(=O)Nc1cccc(C(=O)N2CCCN(C(=O)C3CCCCC3)CC2)c1],0.23671293
MolPort-003-299-528 [COc1ccc(-c2n[nH]c(=S)n2CCC(=O)N2CCCC2)cc1],0.4194026
MolPort-039-221-102 [CO[C@@]12CC[C@H](O)C[C@@H]1N(Cc1cc3c(cc1C)OCO3)CC2],0.493021
MolPort-029-210-222 [Cc1ccc(F)c(Cl)c1CC(C)C(=O)O],0.23151682
MolPort-044-117-320 [CCCNc1cc(C(=O)Nc2ccccc2OC)nc(C)n1],0.26237735
MolPort-020-269-330 [CC(=O)NC1Cc2ccc(S(=O)(=O)N(Cc3ccccn3)C3CC3)cc2C1],0.46321428
MolPort-013-627-403 [CNC(C)c1cc(Br)ccc1OCCO],0.28523323
MolPort-020-155-933 [COc1ccc(CN(C)CC(=O)Nc2c(C)n[nH]c2C)cc1C],0.0132636735
MolPort-024-497-122 [N#Cc1ncccc1N(Cc1cccc(N)c1)C1CC1],0.13237114
MolPort-036-831-935 [CC(C)(C)NC(=O)N/C=C/c1ccc(Cl)cc1],0.20815617
330792458 [Cc1ccc(C2CCN(C(=O)OC(C)(C)C)CC2)cc1C(=O)O],0.27046907
MolPort-037-810-194 [CSc1cc(CC2(O)CC2)cc(Cl)c1SC],0.2210226
MolPort-008-602-465 [Cc1cc(C)c2c(c1)C=CC1(CCN(CCC(=O)O)C1)O2],0.14040558
MolPort-024-317-491 [C[C@@H](NCc1cccc(Br)c1O)c1ccncc1],0.097752206
Z2569586526 [CCn1ncc(C)c1NS(=O)(=O)c1ccc(C(F)(F)F)cc1F],0.85570097
MolPort-044-130-718 [CCN(CC)C(=O)c1cc(Nc2cc(Cl)ccc2Cl)nc(C)n1],0.6503868
MolPort-038-871-638 [CC(C)(CN)c1nc(-c2cccc(O)c2)no1],0.27561787
MolPort-045-417-984 [COc1ccc(Cl)cc1S(=O)(=O)NC1CCCCC1CN],0.69816
MolPort-012-441-410 [CCCN1CCN(C(c2cccs2)C(C)N)CC1],0.17203574
317699685 [COc1cc(SC)c(O)cc1OC(F)(F)F],0.31544545
MolPort-026-274-224 [CC(N)Cc1ncc(-c2cc(F)cc(F)c2)[nH]1],0.14648959
MolPort-005-538-895 [COc1ccccc1NC(=O)c1ccc(Cl)c(N2CCCC2=O)c1],0.40260878
324506955 [COc1cccc(C(C)n2ncc(CC(C)C)c2N)c1],0.30545843
MolPort-039-961-922 [CN1CCN(C)C(CNC(=O)c2cn(-c3ccc(C(F)(F)F)cn3)nn2)C1],0.46494818
MolPort-039-349-136 [O=S(=O)(c1ccc(OCc2ccccc2)cc1)N1CC2CC3CC2C1C3O],0.886611
MolPort-005-683-307 [COc1ccccc1Oc1ccc(NC(=O)C(C)C)cc1],0.18333979
MolPort-024-310-542 [C[C@@H](NCc1cc(=O)n(C)c(=O)n1C)c1ccco1],0.15180232
MolPort-024-551-539 [N#Cc1ccc(NC(=O)C2CCC(CN)CC2)c(F)c1],0.2570267
MolPort-040-980-676 [CC(C)CC(CN)NC(=O)c1cc(Cl)ccc1Cl.Cl],0.07098126
MolPort-045-780-818 [COC1CC(C(=O)N(C)Cc2nc3cc(C(F)(F)F)ccc3[nH]2)C1],0.13359404
MolPort-038-064-790 [CCc1[nH]c(CN)nc1-c1ccc(Br)cc1],0.26105437
MolPort-021-511-728 [Cc1cc(NC2CC(C)CC(C)C2)ccc1NS(C)(=O)=O],0.26261517
MolPort-035-683-878 [Cl.NC1CCCN(Cc2ccccc2)CC1],0.19787073
345063199 [CCN(c1cccc(C)c1)c1ncccc1NC(=O)C1CCCC1],0.60905
MolPort-026-018-232 [CC1CC(O)(Cc2ccc(I)cc2)CS1],0.07757641
MolPort-045-440-005 [O=S(=O)(NCC1NCCc2ccccc21)c1ccc(F)c(F)c1],0.10971115
MolPort-035-750-685 [Cc1nc(CN[C@@H](CO)Cc2ccccc2)cs1],0.20851982
MolPort-031-057-415 [Cn1ccc(CC(O)c2ccc(Cl)cc2Cl)n1],0.41016057
MolPort-042-076-294 [Cl.O=C(c1c(F)cccc1F)N1CCN(C(=O)C2COCCN2)CC1],0.11040756
MolPort-026-243-709 [CC1(c2noc(CC(=O)C(F)(F)F)n2)CCCO1],0.27234867
MolPort-046-703-509 [CC1(C)CN(c2c(C#N)cnc3c(Cl)cccc23)CCN1CCO],0.91709113
MolPort-030-942-489 [CCC1(CC)CC(NS(=O)(=O)c2ccc(Br)s2)CCO1],0.5049283
MolPort-025-889-193 [CC1CCCCC1(N)Cc1nc2ccccc2s1],0.63708603
MolPort-012-836-600 [CN(Cc1ccsc1)C(C)(C(=O)O)c1ccc(F)c(F)c1],0.093034886
MolPort-045-128-273 [CC1(C)C2OCCCC2C1(N)C(=O)NCc1cccc(Cl)c1],0.14771043
MolPort-014-627-209 [CC(C)(C)c1cc(=O)[nH]c(C2(c3ccccc3)CCC2)n1],0.02679572
MolPort-037-762-418 [COc1cc(C(C)(C)F)cc(CC(=O)O)c1OC],0.23030217
MolPort-008-347-057 [CC(=O)N1CCC[C@H]1C(=O)Nc1cc(C)on1],0.46456587
MolPort-013-931-169 [CCC(NCC1CCN(CC(F)(F)F)C1)c1ccco1],0.40400684
MolPort-043-904-963 [Cc1ccc(NC(=O)C2CCC(C(=O)NCc3ccccc3F)CC2)cc1],0.09609199
MolPort-034-147-309 [CCCN(C=O)C1(C(=O)O)CCc2cc(F)ccc21],0.05584533
339475086 [CCc1ccccc1NC(=O)c1cccc(C)c1OC(C)(C)C(N)=O],0.00837745
MolPort-039-650-994 [CCN(Cc1ccc2c(c1)OCO2)C(=O)NC1CCC2(CCOCC2)CC1],0.004196269
MolPort-022-979-582 [CC(C#N)Cn1c(CN(C)C)nc2cc3c(cc21)OCO3],0.5925172
MolPort-037-626-017 [Cc1ccc(CC(=O)NCc2c(C)noc2C)cc1],0.056619775
MolPort-025-562-813 [Clc1ccc(-c2n[nH]cc2CNC2CC2)c(Cl)c1],0.048565727
MolPort-020-159-201 [O=C(NCc1csc2ccccc12)N1CCS(=O)(=O)CC1],0.1349234
MolPort-024-105-042 [Cc1cccc(S(=O)(=O)C2CCCCC2)c1N],0.22134985
MolPort-033-897-716 [Cc1cc(NC(C)C2CCC2)ccc1C(=O)O],0.012055654
MolPort-035-145-085 [CN(Cc1cccc(C#N)c1)c1ccc(Cl)cc1CO],0.023374965
MolPort-040-538-310 [COc1ccc(C(=O)NCC2(O)C3C4CC5C6C4CC3C6C52)cc1],0.7731182
MolPort-037-769-621 [COc1c(C(C)(C)CO)cc(Cl)c(C)c1OC],0.4348302
331083456 [Nc1ccc2c(c1)OC1(CCCCC1)C(=O)N2CCC(=O)O],0.08210654
336880142 [CCCC(C)CNc1cc(Cl)cn(C)c1=O],0.15060847
MolPort-011-831-020 [CC(NC1CC(c2ccccc2Br)C1)c1cccc(O)c1],0.042803034
MolPort-023-492-318 [COCC1CCN(c2nc(CC(=O)O)cs2)CC1],0.86606103
MolPort-012-805-967 [CCC(N)(CC)c1nc2c(s1)CSc1ccccc1-2],0.13185395
336773076 [COc1ccc(F)c(F)c1CNCC1(O)CCC1],0.49249434
331329457 [Cc1nn2c(O)c(C#N)cnc2c1C1CCOCC1],0.33730152
MolPort-038-900-934 [CCCc1cc(NS(=O)(=O)c2cnc(C)s2)[nH]n1],0.20520107
MolPort-012-677-805 [CCn1c(C)nc(-c2ccc(OC)cc2OC)c1N],0.7475861
MolPort-034-842-851 [CC1(C)CC(C(O)c2cc(F)c(F)c(F)c2)C(C)(C)O1],0.11277065
MolPort-034-199-684 [NC1(C(=O)Cc2ccc(C(F)(F)F)cc2)CC1],0.28148386
324183857 [CCn1nc(C)cc1C(=O)N1CCCC2(CCc3c2nc(C(C)(C)C)[nH]c3=O)C1],0.07379053
MolPort-024-687-006 [Cc1ccc(C(=O)NCC2CCCCC2CBr)cn1],0.4826095
MolPort-025-943-482 [CN(C)C(=O)CN(C)c1nc(C(F)(F)F)ccc1CN],0.26493296
MolPort-044-503-728 [COc1cccc2c1CCC2NC(=O)C1(Cc2ccccc2F)CC1],0.21248068
MolPort-025-202-037 [CCC1CCCC(C#N)(C(O)C2CCC(C)CC2)C1],0.19930287
MolPort-039-399-515 [Cn1nnc2c(C(=O)NC3CCOC3C3CC3)ccnc21],0.10918387
MolPort-041-028-862 [Cc1cccc(OCCC(=O)NCC2CCNC2)c1.Cl],0.1344475
MolPort-006-130-361 [CC(C)(C)NCC(O)COc1cc(Cl)ccc1Cl.Cl],0.33412203
MolPort-044-716-431 [c1cc(OC2CCN(Cc3ccsc3)CC2)ccn1],0.4759525
340217379 [Cc1cccc(OCCC(=O)Nc2ccc3c(c2)OCC(=O)N3C)c1C],0.008509456
MolPort-020-283-163 [CC(=O)N1CCCC(O)(CN2CCC(c3noc(C)n3)CC2)CC1],0.5502362
MolPort-028-787-153 [CC(C)C(NC1CCOCC1)c1ccc(C(F)(F)F)cc1],0.21347938
MolPort-038-960-943 [CN(C(=O)c1c(O)cccc1F)C1CCCCNC1=O],0.20917024
MolPort-028-677-884 [Cc1cc(Br)cc([C@H](N)C2CCC2)c1O.Cl],0.24805014
MolPort-031-280-183 [CCC1(C(=O)Nc2ccc(C)c(C(F)(F)F)c2)CCCN1],0.056766402
MolPort-032-619-076 [NC1CCC(Nc2ccc(F)c(Br)c2)C1],0.4544897
MolPort-038-014-956 [CN1CCCCc2ccc(CC(=O)O)cc21],0.4484603
MolPort-027-871-893 [CC1CCc2sc(C(=O)NCc3cncn3C3CC3)cc2C1],0.32072073
MolPort-030-557-493 [CCC(CN)CC(=O)Nc1ccncc1Br],0.09438326
MolPort-010-665-419 [CCCNC(=O)CC1CCN(C(=O)Nc2cccc(Cl)c2)CC1],0.20817554
MolPort-046-700-439 [COC(=O)COC1(c2cccc(Br)c2)CCCCNCC1],0.104195766
MolPort-013-333-215 [CN(Cc1cccc(CN)c1)c1ncccc1C(N)=O],0.019413514
MolPort-010-823-580 [Cc1cccc(NS(=O)(=O)c2cc(C(=O)N3CCCCC3)n(C)c2C)c1C],0.32996845
MolPort-025-483-769 [CCCCc1noc(C2(N)CCCCC2)n1],0.55061215
MolPort-028-862-618 [Cc1cc(C)c2c(N3CCOCC3)nc(C(=O)NC3CC3)nc2n1],0.67526764
MolPort-041-184-960 [C[C@@H]1CN(C(=O)C2CC(c3ccccc3)=NO2)C[C@H]1C(=O)O],0.4235275
MolPort-009-163-746 [COCCN1C(=O)c2ccccc2NC1c1ccc(OC)cc1OC],0.0932742
MolPort-024-206-118 [CCNc1ncc(F)c(Nc2ccc(Br)cc2CC)n1],0.85946697
MolPort-044-631-681 [CCn1ccnc(N2CCC(c3nc(N(C)C)n[nH]3)CC2)c1=O],0.18766038
MolPort-022-484-580 [CCCc1nc(CN2CCN(C)CC2)sc1CC#N],0.20134181
MolPort-020-904-814 [CCCn1ccnc1C1CC(CC)CCN1],0.1251982
MolPort-034-936-969 [CC(C)(N)c1cncn1Cc1ccc(Br)cc1],0.75275856
MolPort-022-803-785 [CCN1C(=O)C(C)c2cc(CCCN)ccc21],0.23678513
MolPort-014-346-031 [CNCC1CCN(CC(=O)N(C)Cc2ccccc2C)C1],0.01804231
MolPort-013-301-694 [Cc1nn(C)c(Cl)c1CSc1ncccc1C(=O)O],0.044355053
MolPort-044-684-949 [CN(Cc1nc2ccc(F)cc2[nH]1)C(=O)[C@H]1CC[C@@H](N)C1],0.020802489
MolPort-046-010-668 [Cn1cc(C(F)C(F)(F)C(=O)O)c(C(C)(C)C)n1],0.18678367
MolPort-012-892-452 [CCCOc1ccc(C(NC)c2nc(C(C)C)cs2)cc1],0.9368803
MolPort-011-422-050 [CN(C)c1cccc(CNCc2ccccc2)c1],0.046743695
MolPort-025-560-523 [Cc1cc(C)c(C(=O)O)c(N(C)C(C)Cc2cccs2)n1],0.02140992
MolPort-009-767-864 [CN(C)S(=O)(=O)c1cccc(NC(=O)NC2CCCCC2)c1],0.20476556
MolPort-021-640-466 [CCCC(C)CN1CC(c2ccccc2)NCC1CC],0.024161423
MolPort-020-701-264 [CCN(CC1CC1)c1nnc(C)c(C)c1CN],0.2566268
MolPort-041-981-240 [Cc1cc2cc(C(=O)NC(C)(C)CN)oc2cc1C.Cl],0.12951143
MolPort-011-062-620 [CN(CC1CCC1)S(=O)(=O)c1cncc(C#CCCO)c1],0.31294847
MolPort-014-784-651 [Cc1nc(N)sc1C(=O)N(C)CC(=O)NC1CC1],0.09567342
55741658 [CN(C)C(=O)N1CCCC(c2nc3ccc(N4CCCC4)cn3n2)C1],0.6620486
MolPort-038-655-106 [O[C@@H]1CCCC[C@H]1NCc1ccc(F)cc1F],0.21228738
MolPort-024-432-457 [COc1ccc(NCc2cc(F)cc(C#N)c2)c(OC)c1],0.6445546
MolPort-020-323-872 [Cc1nc(NC(C)c2ccccc2)sc1C],0.06007899
MolPort-011-669-614 [Nc1cc(-c2ccc(Br)o2)ncn1],0.84130853
43245853 [CNC(=O)C1CN(C(C)=O)CCN1C(=O)c1cc2cc(F)ccc2[nH]1],0.038267847
MolPort-038-019-164 [Cc1ccc(C(C)(F)CC2CCNC2)cc1],0.48813233
MolPort-001-835-520 [CC(C)(C)C1CCC(OC(=O)c2ccccc2C(=O)O)CC1],0.021946952
336943304 [COc1cccc(F)c1CNc1cc(C)cc(Cl)c1],0.5420628
MolPort-019-984-185 [COC(=O)c1c(NC(=O)c2cc(C)no2)c(C)nn1C],0.63147575
MolPort-038-150-924 [CCOC(=O)C(N)c1cn(C(C)C)c2ccc(F)cc12],0.7816327
MolPort-022-558-076 [Cc1nc(CCN)nn1-c1ccccc1Br],0.6330102
338455565 [CC(C)(C)NC(=O)C1CCN(C(=O)Cc2cn3cc(Cl)ccc3n2)CC1],0.73808837
MolPort-037-833-854 [COc1ccc(CC(C)(C)C(=O)O)cc1S(C)(=O)=O],0.36856225
MolPort-041-401-379 [Cl.Cl.O=C(CN1CCOc2ccc(Cl)cc21)N[C@H]1CCCNC1],0.038434844
MolPort-037-692-601 [COc1cc(Cl)cc(CC2(N)CC2)c1O],0.20098495
MolPort-042-821-473 [CC1CC(CN2CCN(C)CC23CCCCC3)CCN1],0.18610914
MolPort-024-772-598 [Cc1cc(C(C)n2cncc2CO)c(C)s1],0.04166779
MolPort-006-844-312 [O=C(Nc1cccc(C(F)(F)F)c1)c1noc2c1CCC2],0.24022244
317709766 [CCC(O)c1ccc(-c2ccc(OC)cc2)s1],0.41715416
MolPort-026-504-955 [CCC(c1cccs1)N1CC(=O)NC(C)C1=O],0.008834959
MolPort-029-210-178 [COc1c(C(N)CO)cc(C)c(Cl)c1C],0.10327217
MolPort-023-922-423 [CCC1CCC(C(=O)O)C(Cc2cc(Cl)ccc2OC)C1],0.21286888
MolPort-028-229-314 [Cc1ccc(CNC(=O)CC(C)(C)C)c(C)c1],0.043824982
330452316 [Cc1nc(CN2CCC(C3CCNCC3)CC2)no1],0.08147126
MolPort-041-347-443 [Cl.O=C(CCC1CCNC1)Nc1cccc2c1OCCO2],0.005640116
330077345 [CCOC(=O)c1c(C2CCC2)nn(C2CCCNC2)c1C(F)(F)F],0.6942223
MolPort-026-207-863 [COc1ncnc(Sc2ccc(C(F)(F)F)cn2)c1N],0.95597345
MolPort-011-212-961 [CCOC(=O)Nc1ccc(Br)cc1C(=O)O],0.17940176
MolPort-003-015-016 [CCC(=O)N(C)c1nnc(C23CC4CC(CC(C4)C2)C3)s1],0.16072088
MolPort-013-438-175 [COc1ccccc1CC1(C)CCNC1c1ccccc1],0.02340962
MolPort-020-045-893 [O=C(CCN1CCc2[nH]nc(C(F)(F)F)c2C1)Nc1ccccc1],0.087381564
MolPort-043-637-401 [CC(c1ccccc1)N1CCN(C(=O)Nc2ccc(N(C)C)cc2)CC1],0.03689436
MolPort-039-970-005 [Cc1nc(C2CCCN(C(=O)c3ccc(OCC4CCCCC4)cc3)C2)n[nH]1],0.65024394
MolPort-024-430-018 [CCc1ccc(S(=O)(=O)N2CCC(C)(C)CC2)cc1CN],0.9508832
MolPort-029-416-515 [Cc1cc(C)n(CC(=O)N2CCCCC2)c1C(=O)O],0.08693236
MolPort-025-114-554 [Cc1ncccc1NCc1cccc(F)c1],0.31418678
MolPort-025-873-182 [CC(NCc1noc(-c2ccco2)n1)(C(=O)O)C(F)(F)F],0.30609342
MolPort-040-166-713 [Cc1cccc2nc(CNC(=O)C3COCCN3C)cn12],0.449749
MolPort-028-958-550 [CNS(=O)(=O)c1ccc(C)c(B2OC(C)(C)C(C)(C)O2)c1],0.2317334
MolPort-001-999-224 [CCN(CC)C(=O)C1CCN(Cc2ccccc2F)CC1],0.25198528
MolPort-026-027-285 [Cc1nc(CC2(O)CSCC(C)(C)C2)cs1],0.5404456
336694632 [Clc1ccsc1CNCC1CCCC1],0.11517849
MolPort-034-997-053 [CCNc1cccc(-c2cccc3c2OCC3)n1],0.2578264
MolPort-014-644-257 [CN1C(=O)CCc2cc(C(O)C3CCCCCC3)ccc21],0.021924712
MolPort-030-773-353 [CCNC(Cc1nccn1C)C1Cc2ccccc2O1],0.21222727
MolPort-026-350-404 [Cc1cccc(CN(C)CC2CCC(CNC3CC3)O2)n1],0.40028456
MolPort-039-619-599 [CC(C)N1CCC(N2CCN(C(=O)c3cc(-c4ccc(F)cc4)[nH]n3)CC2)CC1],0.23047
344601431 [Cc1nc(N(C)Cc2ccccc2)ccc1NC(=O)C(C)C],0.041259304
MolPort-008-775-967 [Nc1ccccc1[SH2]c1ccc2c(c1)OCCO2],0.089059524
MolPort-012-670-903 [CN(Cc1cc(Br)cs1)C(=O)CCC1CCNCC1],0.089197814
330669361 [CCc1nn(-c2cncc(C)c2)c(Br)c1C(F)(F)F],0.7350176
MolPort-039-267-148 [Cc1noc(C(C)(C)NC(=O)Nc2ncn(C3CCCCC3)n2)n1],0.75706226
MolPort-029-229-525 [CNCc1c(Br)n(C)c2c(C)cccc12],0.08803323
MolPort-038-998-718 [O=C(NC1CCCOc2c(F)cccc21)c1noc2c1CCCC2],0.25561914
MolPort-039-432-746 [CC(CN1CCN(C)CC1)NC(=O)N1C2CCC1CC(c1ccnn1C)C2],0.2053628
MolPort-042-896-170 [CC1N(C(=O)Nc2ccc(F)cc2)CCC12CCOCC2],0.2822056
MolPort-011-768-733 [CC(C)c1nnc(Cl)n1-c1ccc(Cl)c(F)c1],0.8040085
MolPort-034-051-349 [CC(C)Oc1ncccc1CNc1ccc(N)nn1],0.3007898
337469401 [Cc1ccncc1OCc1ccc(F)cc1C(=O)O],0.12112106
MolPort-023-639-999 [Cc1cccn2nc(NCC3(C)CCCS3)nc12],0.3334776
MolPort-016-558-028 [CC1(NCC2CCCc3ccccc32)CCCC1],0.070572756
MolPort-034-790-474 [COc1ccc(CNc2cc(=O)[nH]c(C(C)C)n2)cn1],0.067465
MolPort-040-899-219 [Cl.O=C(NCc1ccc(Cl)s1)C1CCCNC1],0.021318562
MolPort-032-329-687 [CC(C)C1CCN(C(=O)CC2CCCCC2N)C1],0.49875972
MolPort-029-564-039 [O=C1CNCCN1CCCc1ccc(F)c(F)c1],0.14749517
MolPort-036-209-003 [NCC1(c2nc(-c3ccc(F)cc3F)c[nH]2)CC1],0.16993795
MolPort-010-148-040 [COc1ccc(NC(=O)NCCc2cccc(F)c2)cc1F],0.10179844
MolPort-039-182-699 [CN1CCN(C(=O)NCc2ccccc2)CC1c1ncc[nH]1],0.099636905
MolPort-022-251-444 [CNCC(C)(O)c1cc(OC)c(Cl)cc1OC],0.400825
MolPort-039-404-083 [Cc1nc(C2(NC(=O)N(C)C3CCCC3)CCCCC2)no1],0.15791626
MolPort-025-015-978 [NCCc1nc(C(=O)Nc2cccnc2Cl)cs1],0.66582704
MolPort-011-809-077 [CC(C)(C)C1CCC(CO)(Nc2ccccc2Br)CC1],0.080775864
MolPort-035-048-911 [Cc1cc(C(N)=S)cc(NN2C(C)CCCC2C)n1],0.17479233
MolPort-002-308-074 [NC(=O)c1ccc(S(=O)(=O)Nc2ccccc2)cc1],0.08591316
MolPort-038-807-313 [CC(C)CC(NCCc1ccnn1C)c1ccccc1],0.03438494
MolPort-013-364-851 [O=CC1CCCCN1CC(=O)Nc1ccc(F)cc1F],0.29488856
MolPort-009-621-268 [Cc1cccc(OCCC(=O)Nc2ccc(C(N)=O)cc2)c1C],0.06467205
MolPort-008-683-091 [COc1ccc(-c2nc(C(=O)O)c(C)[nH]2)cc1OC],0.038188666
MolPort-024-996-622 [CCCN(CCO)CC1Cc2cc(Br)ccc2O1],0.06246778
MolPort-012-089-802 [O=C(O)/C=C/c1c(OCC2CC2)ccc2ccccc12],0.38185176
Z1905798060 [Cc1nnc(C2CN(Cc3cn(C)nc3C)CCO2)o1],0.13058625
MolPort-038-886-968 [COC(=O)c1ccccc1S(=O)(=O)NC1CCC(SC)C1],0.1469452
MolPort-020-203-733 [Cc1ccc(CN2CCC(N3CCCC(C(=O)NC4CC4)C3)CC2)cc1F],0.6061978
MolPort-029-901-525 [COc1cccc(-c2cccc(NC(=O)N3CCC(F)(F)CC3)c2)c1],0.637671
MolPort-028-674-356 [Cl.N[C@H](c1ccc(Cl)c(Cl)c1O)C(F)(F)F],0.23942004
MolPort-011-719-419 [Cc1cc(C(C)Nc2ncc(C(=O)O)cc2Cl)c(C)o1],0.21907143
MolPort-010-183-102 [Cn1ncc2c(N(CC3CCCCC3)C3CC3)ncnc21],0.8579727
MolPort-030-713-999 [COc1ccc(N(C)C2CCCCC2C)c(N)c1],0.7645221
MolPort-026-097-879 [O=C1COc2ccc(Br)cc2N1CCS],0.10529039
MolPort-030-367-455 [CN(C(=O)NCC(C)(C)C(=O)O)c1ccccc1],0.05720669
MolPort-038-848-307 [COCCC1(CNC(=O)c2cc(OC)ccc2Br)CC1],0.40968207
MolPort-008-643-403 [CCOc1ccc(CN2CCCNCC2)cc1],0.6721327
345255900 [O=C(O)c1cn2cc(Br)ncc2c1Cl],0.35324332
MolPort-007-255-088 [CC1CCCC(NC(=O)Cc2ccc3c(c2)OCCO3)C1C],0.030413836
MolPort-020-627-676 [C[C@H](O)c1c(F)cccc1Oc1ccc(F)c(Cl)c1],0.7743756
MolPort-027-373-832 [CN(C1CCCC1CN)S(=O)(=O)c1cccc(Cl)c1F],0.7867299
MolPort-026-554-677 [CC(C)NCC1(c2ccccc2)CC(C(C)C)C1],0.100684844
MolPort-011-598-649 [CCc1c(C)nn(Cc2cc(CNCC(C)C)co2)c1C],0.22534315
MolPort-031-090-972 [CCNC1CCCN(CCn2ccccc2=O)C1],0.17652814
MolPort-028-217-445 [CC(C(=O)NCC(F)(F)F)N1CCN(C(=O)c2cc(Cl)cc(Cl)c2)CC1],0.4235238
MolPort-013-660-860 [NC(=O)c1cc(N)cnc1Oc1ccccc1Br],0.21658821
MolPort-021-565-953 [CCC(CC)n1ccc(CN2CCC(C)(C(=O)O)C2)n1],0.12111759
MolPort-032-920-234 [OC(c1ccc(F)cc1F)C1Cc2ccccc2S1],0.06239002
MolPort-035-382-626 [O=C(NCCc1cccc(Oc2ccccc2)c1)[C@H]1CCCN1],0.11236689
MolPort-022-962-688 [CC(C)(Cc1ccc2c(c1)CC(=O)N2)CN1CCNCC1],0.0983623
MolPort-039-315-702 [CC(NCc1ccc(C#N)cc1)(C(N)=O)c1cccc(C(F)(F)F)c1],0.16091795
342673960 [Cc1nc(Nc2ccc(F)c(F)c2)sc1C(=O)NC1CCS(=O)(=O)C1],0.4321655
MolPort-012-472-047 [CCS(=O)(=O)c1ccccc1NCc1cc(C)cc(C)c1],0.047594536
MolPort-038-183-416 [O=C(CCc1cccc2c1CNCC2)N1CCOCC1],0.011022788
MolPort-014-495-419 [C=CCN(Cc1ccc(Cl)s1)C(=O)C1CCCCN1],0.010211029
MolPort-042-870-847 [Cc1ccnc(C)c1NC(=O)N1CCCCC(C)(C)C1],0.6408835
MolPort-023-268-371 [CNS(=O)(=O)CCn1ccnc1-c1cnc(C2CCCCC2)nc1],0.8228204
MolPort-040-620-189 [O=C(Nc1nc2cc3c(cc2[nH]1)OCO3)[C@@H]1C[C@H]2CC[C@@H]1O2],0.00461394
MolPort-038-748-678 [COc1ccccc1CC(=O)NC1(CO)CCOCC1],0.02149343
MolPort-027-802-352 [Cc1ccnc(N)c1C(N)CSc1ccc(F)cc1],0.77557737
MolPort-020-805-746 [CC1CCCN(C(=O)CN2CCCc3cc(N)ccc32)C1],0.06529752
MolPort-044-305-278 [Cc1cnc(-c2cccnc2)n1CC1CN(C(=O)CC2CCCC2)C1],0.8026993
MolPort-032-498-934 [CCCOc1ccccc1-c1ccc(O)cc1C],0.12244984
MolPort-029-620-390 [Nc1sc(-c2ccccc2Cl)nc1CC(=O)O],0.1520376
MolPort-045-958-729 [CN(C)[C@@H]1C[C@H]2C(=O)N[C@@H](Cc3c[nH]c4ccccc34)C(=O)N2C1],0.022131428
MolPort-021-379-818 [CCn1cc(NC2CCCC(C3CC3)C2)cn1],0.5169656
MolPort-036-810-099 [O=C(NCCc1ccccc1)Nc1ccccc1N1CCOCC1],0.3660231
MolPort-033-272-143 [CC1(C2CC2)CN(Cc2cc(F)cc(F)c2)CCN1],0.08903504
MolPort-030-960-067 [CC(O)(CCC(F)(F)F)c1ccc(Br)cc1Cl],0.396017
MolPort-014-244-749 [O=C(O)C1CCCN1C(=O)c1cc(F)c(F)c(F)c1],0.59712577
MolPort-012-104-537 [COc1ccc(N)cc1CN1CCCC1C(=O)N(C)C],0.38035002
MolPort-032-903-078 [CCCc1nnsc1C(O)c1ccccc1Cl],0.22757576
MolPort-028-535-764 [O=C(NC1CCN(c2ccccc2)CC1)C1CC1c1ccc(C(F)(F)F)cc1],0.7365544
MolPort-014-994-435 [CC(Oc1ccc(CNC(C)(C)C)cc1)C(=O)NC1CC1],0.7049491
MolPort-039-451-682 [CC(C)(C)n1ncnc1NC(=O)C1CC(=O)N(C2CCCC2)C1],0.76063776
MolPort-046-134-427 [CC1(C)CC(NC(=O)c2nc(-c3ccccc3)ns2)CO1],0.27025247
MolPort-037-629-646 [O=S(=O)(NCc1ccc(Cl)s1)c1cccs1],0.090726025
MolPort-003-336-231 [CCOC(=O)N1CCC(NC(=O)c2nn(C)c(=O)c3ccccc23)CC1],0.6443311
MolPort-016-216-341 [O=C(CCCc1nc2ccccc2s1)NCCN1CCCCCC1=O],0.4429376
MolPort-024-150-161 [Cc1ncsc1CCOc1ccncc1CO],0.24217463
MolPort-014-584-931 [CCCN(C)c1cc(CO)c2ccccc2n1],0.013584681
MolPort-031-652-745 [Cc1cc(Br)cc(CO)c1OCc1nccn1C(F)F],0.2959559
MolPort-013-366-943 [CCNC(=O)c1cccc(NCC2CCCN(C)C2)c1],0.13519765
MolPort-030-793-633 [CCCC(N)CC(=O)NC1CCCc2occc21],0.07235363
340203963 [CC(C)(Oc1ccc(F)cc1F)C(=O)NC1CCCCCC1],0.33166823
MolPort-020-944-344 [CCCOc1cccc(C2=NOC(CO)C2)c1],0.8608033
MolPort-009-173-824 [c1coc(-c2nc(CSC3=NCCS3)no2)c1],0.37573814
MolPort-031-274-968 [CCC1(C(=O)O)CCCN1C(=O)c1cc(Cl)cn1C(C)C],0.39389077
MolPort-009-062-984 [COc1cc(CNC(=O)C2CCCC2)ccc1OC1CCCC1],0.26098743
MolPort-044-352-582 [O=C(c1ncccc1F)N1CC[C@@H]2CN(Cc3cccnc3)[C@@H]2C1],0.86187106
MolPort-038-943-044 [Br.C=CCn1c(=N)sc2cc(S(C)(=O)=O)ccc21],0.71161205
MolPort-004-235-754 [COc1ccccc1CC(=O)NC1CCSc2c(F)cccc21],0.04270713
MolPort-020-361-191 [N#Cc1cccc(C=CC(=O)Nc2ccccc2)c1],0.043619793
MolPort-026-540-327 [CC(C)(COc1cccc(Cl)c1)CS(N)(=O)=O],0.7972186
MolPort-019-810-205 [NC(=O)c1csc(-c2cccc(C(=O)O)c2)n1],0.10092623
MolPort-031-751-419 [CC[C@H](N)c1ccccc1SC1CCCC1],0.14488938
324643698 [CCc1cc(N)n(-c2ccc(C)nc2C(=O)O)n1],0.14681472
MolPort-040-616-653 [O=C(NCc1ccccc1Br)N1CC[C@@H](O)[C@H](C2CCCC2)C1],0.13922815
MolPort-020-460-985 [C[C@H](N)c1c(F)cccc1Sc1ccncn1],0.7526564
MolPort-020-027-624 [Cc1cnn(C2CCCN(C(=O)c3sccc3C#N)C2)c1],0.3630017
MolPort-020-957-487 [C[C@@H](N)c1ccc(-n2cc(C(F)(F)F)cn2)c(Br)c1],0.60748297
MolPort-031-042-245 [CC(C)NC(=O)c1cccc(NC2CCN3CCCC23)c1],0.31778225
MolPort-010-164-571 [CCOc1ccc(C2CCCN2C(=O)NC(C)CN2CCOCC2)cc1],0.9518128
MolPort-022-607-778 [Cc1c(CNC(C)C)cnn1-c1cc(Cl)ccc1Cl],0.76870066
MolPort-039-571-560 [Cc1nc(C)c(S(=O)(=O)NC2CCCN(c3ccnn3C)C2=O)s1],0.7513675
344141788 [Cc1cc(NC(=O)c2ccccc2OC(C)(C)C)cnc1N1CCCC1],0.26674938
187595349 [CCc1ccc(C(C)NC(=O)COc2ccc(C)cc2C)cc1],0.33345437
MolPort-021-633-410 [CCC1CN(Cc2ccccc2Br)C(C2CC2)CN1],0.02229035
MolPort-023-766-047 [CC(C)CCN(c1cc(N)ncn1)C1CCCC1],0.609035
MolPort-045-743-806 [N#Cc1cc(Cl)ccc1NC(=O)CC1CCOC1],0.049802914
MolPort-041-097-606 [CN(C)Cc1cccc(NC(=O)C2CC23CCNCC3)c1.Cl.Cl],0.0031599272
MolPort-007-790-965 [CC(=O)Nc1nc2c(C)cc(NC(=O)C3CCC3)cc2s1],0.3919464
324117806 [Cl.N[C@@H]1CN(C(=O)Cc2cccc3c2OCCO3)C[C@H]1C1CC1],0.036432225
MolPort-041-049-822 [Cl.NC1CCC2CN(C(=O)C(O)c3ccccc3)CC12],0.010370801
MolPort-039-615-152 [O=S(=O)(NC1CCC2(CC1)CC2)c1cncc(F)c1],0.38417426
MolPort-034-417-033 [CCNC(Cc1cncs1)C1(OCC)CCC(C)CC1],0.29285964
MolPort-042-507-056 [Cc1cc(C)n(-c2ccccc2NC(=O)N2CCCC(C(=O)O)C2)n1],0.27175978
MolPort-037-758-150 [CCc1cc(C2(C(=O)O)CC2)cc(Cl)c1OC],0.33587715
330818285 [CS(=O)(=O)c1nn(Cc2cccc(F)c2F)c(N)c1C(=O)O],0.1708145
MolPort-040-086-441 [CC(C)(C)c1nc(CN2CCN(C(=O)c3ccnc(C4CC4)c3)CC2)no1],0.83037776
MolPort-041-678-891 [O=C(NC1(C(=O)O)CCCC1)c1nn(-c2ccccc2F)c2c1CCC2],0.39664042
MolPort-034-082-016 [CC(O)CCN(C)c1cc(Br)ncn1],0.4227796
MolPort-003-794-561 [Cl.O=C(O)[C@]1(C/C=C/c2ccccc2)CCCN1],0.0111668585
MolPort-038-334-756 [CN1CCN(Cc2cnc3cccc(N)n23)CC1],0.3088256
MolPort-029-414-021 [CCn1nc(C(=O)O)c2c1CCN(c1cccc(C)c1)C2],0.39295506
MolPort-025-493-837 [CCNc1nc(-c2cc(Cl)cs2)ncc1Br],0.7903662
MolPort-013-655-619 [CCNC1C(=O)N(CC2CCCC2)c2c(Cl)cccc21],0.3752657
MolPort-031-391-725 [CC(NC1CCOC1C)c1occc1Br],0.2851677
336595856 [CN1[C@@H]2CCC[C@H]1C[C@@H](NCc1ccc(Cl)o1)C2],0.18908381
MolPort-040-626-690 [CC1CC(O)CN(C(=O)NCC(c2cccs2)N2CCOCC2)C1],0.025096228
MolPort-028-225-637 [Cc1ccc(CN2CC(C(=O)N3CCC4(CC3)OCCO4)CC2=O)cc1],0.16418473
MolPort-034-162-490 [CCCc1cccc(C(N)Cc2ccc(F)cc2)c1],0.07014614
MolPort-013-452-759 [CCN(Cc1ccncc1)c1ccc(C(C)N)cc1Br],0.25262302
MolPort-027-653-789 [CC(C)(C)c1csc(CCNC(=O)C2CC2)n1],0.46893278
MolPort-011-531-632 [CCCS(=O)(=O)Nc1sc2c(c1C(=O)O)CCC2],0.13046889
MolPort-046-271-803 [COC1(Cc2ccc(F)cc2F)CCNCC1],0.26204535
MolPort-012-270-146 [Cc1ccc(CN(C)C(=O)NC2(C(=O)O)CCCCC2)o1],0.057148073
MolPort-013-307-669 [Cc1cccc(OC(C)C(=O)N2CC(O)CC2C(=O)O)c1],0.41441882
MolPort-046-668-400 [O=C(ON1C(=O)c2ccccc2C1=O)c1ccc2c(c1)C(=O)NC2],0.018629143
MolPort-009-572-786 [CCC(CC)C(=O)NCc1cccnc1N1CCCCC1],0.39248824
MolPort-029-687-190 [COc1ccc(N(C)CC2CCCCN2)nc1],0.5416384
